{"nm":"Main Scene","ddd":0,"h":212,"w":895,"meta":{"g":"@lottiefiles/creator 1.60.0"},"layers":[{"ty":4,"nm":"6 Outlines","sr":1,"st":0,"op":360,"ip":0,"hd":false,"ddd":0,"bm":0,"hasMask":false,"ao":0,"ks":{"a":{"a":0,"k":[4.584,5.68,0],"ix":1},"s":{"a":0,"k":[100,100,100],"ix":6},"sk":{"a":0,"k":0},"p":{"a":0,"k":[827.279,115.221,0],"ix":2},"r":{"a":0,"k":0,"ix":10},"sa":{"a":0,"k":0},"o":{"a":1,"k":[{"o":{"x":0.167,"y":0.167},"i":{"x":0.833,"y":0.833},"s":[0],"t":303},{"s":[100],"t":321}],"ix":11}},"shapes":[{"ty":"gr","bm":0,"hd":false,"mn":"ADBE Vector Group","nm":"Group 1","ix":1,"cix":2,"np":4,"it":[{"ty":"sh","bm":0,"hd":false,"mn":"ADBE Vector Shape - Group","nm":"Path 1","ix":1,"d":1,"ks":{"a":0,"k":{"c":true,"i":[[0,0.96],[1.08,0],[0,-0.914],[-1.171,0]],"o":[[0,-0.96],[-1.066,0],[0,0.9],[1.034,0]],"v":[[1.98,2.055],[0.196,0.48],[-1.621,2.055],[0.225,3.615]]},"ix":2}},{"ty":"sh","bm":0,"hd":false,"mn":"ADBE Vector Shape - Group","nm":"Path 2","ix":2,"d":1,"ks":{"a":0,"k":{"c":true,"i":[[0,-1.981],[2.22,0],[0,3.39],[-3.165,0],[-0.736,-0.464],[0,0],[0.705,0],[0.075,-2.011],[-1.094,0]],"o":[[0,2.144],[-2.896,0],[0,-3.63],[1.109,0],[0,0],[-0.585,-0.39],[-1.755,0],[0.615,-0.615],[2.026,0]],"v":[[4.335,1.936],[0.361,5.43],[-4.335,0.225],[1.02,-5.43],[3.946,-4.71],[3.045,-2.924],[1.08,-3.449],[-1.874,-0.404],[0.72,-1.335]]},"ix":2}},{"ty":"mm","bm":0,"hd":false,"mn":"ADBE Vector Filter - Merge","nm":"Merge Paths 1","mm":1},{"ty":"fl","bm":0,"hd":false,"mn":"ADBE Vector Graphic - Fill","nm":"Fill 1","c":{"a":0,"k":[0.9412,0.9412,0.9176],"ix":4},"r":1,"o":{"a":0,"k":100,"ix":5}},{"ty":"tr","a":{"a":0,"k":[0,0],"ix":1},"s":{"a":0,"k":[100,100],"ix":3},"sk":{"a":0,"k":0,"ix":4},"p":{"a":0,"k":[4.584,5.68],"ix":2},"r":{"a":0,"k":0,"ix":6},"sa":{"a":0,"k":0,"ix":5},"o":{"a":0,"k":100,"ix":7}}]}],"ind":1},{"ty":4,"nm":"5 Outlines","sr":1,"st":0,"op":360,"ip":0,"hd":false,"ddd":0,"bm":0,"hasMask":false,"ao":0,"ks":{"a":{"a":0,"k":[4.435,5.59,0],"ix":1},"s":{"a":0,"k":[100,100,100],"ix":6},"sk":{"a":0,"k":0},"p":{"a":0,"k":[659.209,18.31,0],"ix":2},"r":{"a":0,"k":0,"ix":10},"sa":{"a":0,"k":0},"o":{"a":1,"k":[{"o":{"x":0.167,"y":0.167},"i":{"x":0.833,"y":0.833},"s":[0],"t":241},{"s":[100],"t":259}],"ix":11}},"shapes":[{"ty":"gr","bm":0,"hd":false,"mn":"ADBE Vector Group","nm":"Group 1","ix":1,"cix":2,"np":2,"it":[{"ty":"sh","bm":0,"hd":false,"mn":"ADBE Vector Shape - Group","nm":"Path 1","ix":1,"d":1,"ks":{"a":0,"k":{"c":true,"i":[[0,-1.86],[3,0],[1.02,0.721],[0,0],[-1.095,0],[0,0.855],[1.905,0],[0,0],[0,0],[0,0],[0,0],[0,0],[0,0],[0,0]],"o":[[0,1.86],[-1.455,0],[0,0],[0.795,0.6],[1.215,0],[0,-0.825],[0,0],[0,0],[0,0],[0,0],[0,0],[0,0],[0,0],[3.105,0]],"v":[[4.185,1.861],[-0.18,5.34],[-4.185,4.215],[-3.225,2.355],[-0.24,3.299],[1.725,1.936],[-0.72,0.571],[-3.405,0.571],[-2.865,-5.34],[3.539,-5.34],[3.539,-3.39],[-0.84,-3.39],[-1.004,-1.395],[-0.15,-1.395]]},"ix":2}},{"ty":"fl","bm":0,"hd":false,"mn":"ADBE Vector Graphic - Fill","nm":"Fill 1","c":{"a":0,"k":[0.9412,0.9412,0.9176],"ix":4},"r":1,"o":{"a":0,"k":100,"ix":5}},{"ty":"tr","a":{"a":0,"k":[0,0],"ix":1},"s":{"a":0,"k":[100,100],"ix":3},"sk":{"a":0,"k":0,"ix":4},"p":{"a":0,"k":[4.435,5.59],"ix":2},"r":{"a":0,"k":0,"ix":6},"sa":{"a":0,"k":0,"ix":5},"o":{"a":0,"k":100,"ix":7}}]}],"ind":2},{"ty":4,"nm":"4 Outlines","sr":1,"st":0,"op":360,"ip":0,"hd":false,"ddd":0,"bm":0,"hasMask":false,"ao":0,"ks":{"a":{"a":0,"k":[5.118,5.5,0],"ix":1},"s":{"a":0,"k":[100,100,100],"ix":6},"sk":{"a":0,"k":0},"p":{"a":0,"k":[818.731,119.01],"ix":2},"r":{"a":0,"k":0,"ix":10},"sa":{"a":0,"k":0},"o":{"a":1,"k":[{"o":{"x":0.167,"y":0.167},"i":{"x":0.833,"y":0.833},"s":[0],"t":186},{"s":[100],"t":204}],"ix":11}},"shapes":[{"ty":"gr","bm":0,"hd":false,"mn":"ADBE Vector Group","nm":"Group 1","ix":1,"cix":2,"np":2,"it":[{"ty":"sh","bm":0,"hd":false,"mn":"ADBE Vector Shape - Group","nm":"Path 1","ix":1,"d":1,"ks":{"a":0,"k":{"c":true,"i":[[0,0],[0,0],[0,0],[0,0],[0,0],[0,0],[0,0],[0,0],[0,0],[0,0],[0,0],[0,0],[0,0],[0,0],[0,0]],"o":[[0,0],[0,0],[0,0],[0,0],[0,0],[0,0],[0,0],[0,0],[0,0],[0,0],[0,0],[0,0],[0,0],[0,0],[0,0]],"v":[[4.867,3.045],[3.158,3.045],[3.158,5.25],[0.788,5.25],[0.788,3.045],[-4.867,3.045],[-4.867,1.41],[0.082,-5.25],[2.633,-5.25],[-1.958,1.066],[0.862,1.066],[0.862,-0.899],[3.158,-0.899],[3.158,1.066],[4.867,1.066]]},"ix":2}},{"ty":"fl","bm":0,"hd":false,"mn":"ADBE Vector Graphic - Fill","nm":"Fill 1","c":{"a":0,"k":[0.9412,0.9412,0.9176],"ix":4},"r":1,"o":{"a":0,"k":100,"ix":5}},{"ty":"tr","a":{"a":0,"k":[0,0],"ix":1},"s":{"a":0,"k":[100,100],"ix":3},"sk":{"a":0,"k":0,"ix":4},"p":{"a":0,"k":[5.118,5.5],"ix":2},"r":{"a":0,"k":0,"ix":6},"sa":{"a":0,"k":0,"ix":5},"o":{"a":0,"k":100,"ix":7}}]}],"ind":3},{"ty":4,"nm":"4C Outlines","sr":1,"st":0,"op":360,"ip":0,"hd":false,"ddd":0,"bm":0,"hasMask":false,"ao":0,"ks":{"a":{"a":0,"k":[13.5,13.5,0],"ix":1},"s":{"a":1,"k":[{"o":{"x":0.333,"y":0},"i":{"x":0,"y":1},"s":[0,0,100],"t":176},{"s":[100,100,100],"t":197}],"ix":6},"sk":{"a":0,"k":0},"p":{"a":0,"k":[819.067,118.76],"ix":2},"r":{"a":0,"k":0,"ix":10},"sa":{"a":0,"k":0},"o":{"a":0,"k":100,"ix":11}},"shapes":[{"ty":"gr","bm":0,"hd":false,"mn":"ADBE Vector Group","nm":"Group 1","ix":1,"cix":2,"np":2,"it":[{"ty":"sh","bm":0,"hd":false,"mn":"ADBE Vector Shape - Group","nm":"Path 1","ix":1,"d":1,"ks":{"a":0,"k":{"c":true,"i":[[-6.351,0],[0,-6.351],[6.351,0],[0,6.351]],"o":[[6.351,0],[0,6.351],[-6.351,0],[0,-6.351]],"v":[[0,-11.5],[11.5,0],[0,11.5],[-11.5,0]]},"ix":2}},{"ty":"st","bm":0,"hd":false,"mn":"ADBE Vector Graphic - Stroke","nm":"Stroke 1","lc":1,"lj":1,"ml":4,"o":{"a":0,"k":100,"ix":4},"w":{"a":0,"k":2,"ix":5},"c":{"a":0,"k":[0.9412,0.9412,0.9176],"ix":3}},{"ty":"tr","a":{"a":0,"k":[0,0],"ix":1},"s":{"a":0,"k":[100,100],"ix":3},"sk":{"a":0,"k":0,"ix":4},"p":{"a":0,"k":[13.5,13.5],"ix":2},"r":{"a":0,"k":0,"ix":6},"sa":{"a":0,"k":0,"ix":5},"o":{"a":0,"k":100,"ix":7}}]},{"ty":"gr","bm":0,"hd":false,"mn":"ADBE Vector Group","nm":"Group 2","ix":2,"cix":2,"np":2,"it":[{"ty":"sh","bm":0,"hd":false,"mn":"ADBE Vector Shape - Group","nm":"Path 1","ix":1,"d":1,"ks":{"a":0,"k":{"c":true,"i":[[-5.799,0],[0,-5.799],[5.799,0],[0,5.799]],"o":[[5.799,0],[0,5.799],[-5.799,0],[0,-5.799]],"v":[[0,-10.5],[10.5,0],[0,10.5],[-10.5,0]]},"ix":2}},{"ty":"fl","bm":0,"hd":false,"mn":"ADBE Vector Graphic - Fill","nm":"Fill 1","c":{"a":0,"k":[0.0471,0.2314,0.3647],"ix":4},"r":1,"o":{"a":0,"k":100,"ix":5}},{"ty":"tr","a":{"a":0,"k":[0,0],"ix":1},"s":{"a":0,"k":[100,100],"ix":3},"sk":{"a":0,"k":0,"ix":4},"p":{"a":0,"k":[13.5,13.5],"ix":2},"r":{"a":0,"k":0,"ix":6},"sa":{"a":0,"k":0,"ix":5},"o":{"a":0,"k":100,"ix":7}}]}],"ind":4},{"ty":4,"nm":"3 Outlines","sr":1,"st":0,"op":360,"ip":0,"hd":false,"ddd":0,"bm":0,"hasMask":false,"ao":0,"ks":{"a":{"a":0,"k":[4.428,5.59,0],"ix":1},"s":{"a":0,"k":[100,100,100],"ix":6},"sk":{"a":0,"k":0},"p":{"a":0,"k":[568.24,17.31],"ix":2},"r":{"a":0,"k":0,"ix":10},"sa":{"a":0,"k":0},"o":{"a":1,"k":[{"o":{"x":0.167,"y":0.167},"i":{"x":0.833,"y":0.833},"s":[0],"t":130},{"s":[100],"t":148}],"ix":11}},"shapes":[{"ty":"gr","bm":0,"hd":false,"mn":"ADBE Vector Group","nm":"Group 1","ix":1,"cix":2,"np":2,"it":[{"ty":"sh","bm":0,"hd":false,"mn":"ADBE Vector Shape - Group","nm":"Path 1","ix":1,"d":1,"ks":{"a":0,"k":{"c":true,"i":[[0,-1.545],[2.985,0],[1.02,0.72],[0,0],[-1.095,0],[0,0.855],[1.38,0],[0,0],[0,0],[0,0],[0,0],[0,0],[0,0],[0,0],[0,0]],"o":[[0,1.771],[-1.47,0],[0,0],[0.795,0.6],[1.215,0],[0,-0.795],[0,0],[0,0],[0,0],[0,0],[0,0],[0,0],[0,0],[0,0],[1.89,0.3]],"v":[[4.178,1.95],[-0.173,5.34],[-4.178,4.215],[-3.232,2.355],[-0.232,3.3],[1.732,1.95],[-0.232,0.66],[-1.342,0.66],[-1.342,-0.945],[0.818,-3.39],[-3.652,-3.39],[-3.652,-5.34],[3.697,-5.34],[3.697,-3.765],[1.327,-1.065]]},"ix":2}},{"ty":"fl","bm":0,"hd":false,"mn":"ADBE Vector Graphic - Fill","nm":"Fill 1","c":{"a":0,"k":[0.9412,0.9412,0.9176],"ix":4},"r":1,"o":{"a":0,"k":100,"ix":5}},{"ty":"tr","a":{"a":0,"k":[0,0],"ix":1},"s":{"a":0,"k":[100,100],"ix":3},"sk":{"a":0,"k":0,"ix":4},"p":{"a":0,"k":[4.428,5.59],"ix":2},"r":{"a":0,"k":0,"ix":6},"sa":{"a":0,"k":0,"ix":5},"o":{"a":0,"k":100,"ix":7}}]}],"ind":5},{"ty":4,"nm":"3C Outlines","sr":1,"st":0,"op":360,"ip":0,"hd":false,"ddd":0,"bm":0,"hasMask":false,"ao":0,"ks":{"a":{"a":0,"k":[13.5,13.5,0],"ix":1},"s":{"a":1,"k":[{"o":{"x":0.333,"y":0},"i":{"x":0,"y":1},"s":[0,0,100],"t":120},{"s":[100,100,100],"t":141}],"ix":6},"sk":{"a":0,"k":0},"p":{"a":0,"k":[568.517,18.759999999999998],"ix":2},"r":{"a":0,"k":0,"ix":10},"sa":{"a":0,"k":0},"o":{"a":0,"k":100,"ix":11}},"shapes":[{"ty":"gr","bm":0,"hd":false,"mn":"ADBE Vector Group","nm":"Group 1","ix":1,"cix":2,"np":2,"it":[{"ty":"sh","bm":0,"hd":false,"mn":"ADBE Vector Shape - Group","nm":"Path 1","ix":1,"d":1,"ks":{"a":0,"k":{"c":true,"i":[[-6.351,0],[0,-6.351],[6.351,0],[0,6.351]],"o":[[6.351,0],[0,6.351],[-6.351,0],[0,-6.351]],"v":[[0,-11.5],[11.5,0],[0,11.5],[-11.5,0]]},"ix":2}},{"ty":"st","bm":0,"hd":false,"mn":"ADBE Vector Graphic - Stroke","nm":"Stroke 1","lc":1,"lj":1,"ml":4,"o":{"a":0,"k":100,"ix":4},"w":{"a":0,"k":2,"ix":5},"c":{"a":0,"k":[0.9412,0.9412,0.9176],"ix":3}},{"ty":"tr","a":{"a":0,"k":[0,0],"ix":1},"s":{"a":0,"k":[100,100],"ix":3},"sk":{"a":0,"k":0,"ix":4},"p":{"a":0,"k":[13.5,13.5],"ix":2},"r":{"a":0,"k":0,"ix":6},"sa":{"a":0,"k":0,"ix":5},"o":{"a":0,"k":100,"ix":7}}]},{"ty":"gr","bm":0,"hd":false,"mn":"ADBE Vector Group","nm":"Group 2","ix":2,"cix":2,"np":2,"it":[{"ty":"sh","bm":0,"hd":false,"mn":"ADBE Vector Shape - Group","nm":"Path 1","ix":1,"d":1,"ks":{"a":0,"k":{"c":true,"i":[[-5.799,0],[0,-5.799],[5.799,0],[0,5.799]],"o":[[5.799,0],[0,5.799],[-5.799,0],[0,-5.799]],"v":[[0,-10.5],[10.5,0],[0,10.5],[-10.5,0]]},"ix":2}},{"ty":"fl","bm":0,"hd":false,"mn":"ADBE Vector Graphic - Fill","nm":"Fill 1","c":{"a":0,"k":[0.0471,0.2314,0.3647],"ix":4},"r":1,"o":{"a":0,"k":100,"ix":5}},{"ty":"tr","a":{"a":0,"k":[0,0],"ix":1},"s":{"a":0,"k":[100,100],"ix":3},"sk":{"a":0,"k":0,"ix":4},"p":{"a":0,"k":[13.5,13.5],"ix":2},"r":{"a":0,"k":0,"ix":6},"sa":{"a":0,"k":0,"ix":5},"o":{"a":0,"k":100,"ix":7}}]}],"ind":6},{"ty":4,"nm":"2 Outlines","sr":1,"st":0,"op":360,"ip":0,"hd":false,"ddd":0,"bm":0,"hasMask":false,"ao":0,"ks":{"a":{"a":0,"k":[4.457,5.59,0],"ix":1},"s":{"a":0,"k":[100,100,100],"ix":6},"sk":{"a":0,"k":0},"p":{"a":0,"k":[330.014,117.13],"ix":2},"r":{"a":0,"k":0,"ix":10},"sa":{"a":0,"k":0},"o":{"a":1,"k":[{"o":{"x":0.167,"y":0.167},"i":{"x":0.833,"y":0.833},"s":[0],"t":76},{"s":[100],"t":94}],"ix":11}},"shapes":[{"ty":"gr","bm":0,"hd":false,"mn":"ADBE Vector Group","nm":"Group 1","ix":1,"cix":2,"np":2,"it":[{"ty":"sh","bm":0,"hd":false,"mn":"ADBE Vector Shape - Group","nm":"Path 1","ix":1,"d":1,"ks":{"a":0,"k":{"c":true,"i":[[0,0],[0,0],[0,0],[0,0],[0,0],[0,0.509],[1.11,0],[0.51,-0.705],[0,0],[-1.89,0],[0,-1.905],[1.47,-1.366],[0,0]],"o":[[0,0],[0,0],[0,0],[0,0],[0.93,-0.886],[0,-0.826],[-0.9,0],[0,0],[0.811,-1.186],[2.34,0],[0,1.02],[0,0],[0,0]],"v":[[4.208,3.361],[4.208,5.339],[-3.728,5.339],[-3.728,3.764],[0.323,-0.059],[1.418,-1.995],[-0.263,-3.299],[-2.438,-2.249],[-4.208,-3.389],[-0.038,-5.339],[3.863,-2.234],[2.107,1.081],[-0.308,3.361]]},"ix":2}},{"ty":"fl","bm":0,"hd":false,"mn":"ADBE Vector Graphic - Fill","nm":"Fill 1","c":{"a":0,"k":[0.9412,0.9412,0.9176],"ix":4},"r":1,"o":{"a":0,"k":100,"ix":5}},{"ty":"tr","a":{"a":0,"k":[0,0],"ix":1},"s":{"a":0,"k":[100,100],"ix":3},"sk":{"a":0,"k":0,"ix":4},"p":{"a":0,"k":[4.457,5.589],"ix":2},"r":{"a":0,"k":0,"ix":6},"sa":{"a":0,"k":0,"ix":5},"o":{"a":0,"k":100,"ix":7}}]}],"ind":7},{"ty":4,"nm":"2C Outlines","sr":1,"st":0,"op":360,"ip":0,"hd":false,"ddd":0,"bm":0,"hasMask":false,"ao":0,"ks":{"a":{"a":0,"k":[13.5,13.5,0],"ix":1},"s":{"a":1,"k":[{"o":{"x":0.333,"y":0},"i":{"x":0,"y":1},"s":[0,0,100],"t":66},{"s":[100,100,100],"t":87}],"ix":6},"sk":{"a":0,"k":0},"p":{"a":0,"k":[330.017,116.97],"ix":2},"r":{"a":0,"k":0,"ix":10},"sa":{"a":0,"k":0},"o":{"a":0,"k":100,"ix":11}},"shapes":[{"ty":"gr","bm":0,"hd":false,"mn":"ADBE Vector Group","nm":"Group 1","ix":1,"cix":2,"np":2,"it":[{"ty":"sh","bm":0,"hd":false,"mn":"ADBE Vector Shape - Group","nm":"Path 1","ix":1,"d":1,"ks":{"a":0,"k":{"c":true,"i":[[-6.351,0],[0,-6.351],[6.351,0],[0,6.351]],"o":[[6.351,0],[0,6.351],[-6.351,0],[0,-6.351]],"v":[[0,-11.5],[11.5,0],[0,11.5],[-11.5,0]]},"ix":2}},{"ty":"st","bm":0,"hd":false,"mn":"ADBE Vector Graphic - Stroke","nm":"Stroke 1","lc":1,"lj":1,"ml":4,"o":{"a":0,"k":100,"ix":4},"w":{"a":0,"k":2,"ix":5},"c":{"a":0,"k":[0.9412,0.9412,0.9176],"ix":3}},{"ty":"tr","a":{"a":0,"k":[0,0],"ix":1},"s":{"a":0,"k":[100,100],"ix":3},"sk":{"a":0,"k":0,"ix":4},"p":{"a":0,"k":[13.5,13.5],"ix":2},"r":{"a":0,"k":0,"ix":6},"sa":{"a":0,"k":0,"ix":5},"o":{"a":0,"k":100,"ix":7}}]},{"ty":"gr","bm":0,"hd":false,"mn":"ADBE Vector Group","nm":"Group 2","ix":2,"cix":2,"np":2,"it":[{"ty":"sh","bm":0,"hd":false,"mn":"ADBE Vector Shape - Group","nm":"Path 1","ix":1,"d":1,"ks":{"a":0,"k":{"c":true,"i":[[-5.799,0],[0,-5.799],[5.799,0],[0,5.799]],"o":[[5.799,0],[0,5.799],[-5.799,0],[0,-5.799]],"v":[[0,-10.5],[10.5,0],[0,10.5],[-10.5,0]]},"ix":2}},{"ty":"fl","bm":0,"hd":false,"mn":"ADBE Vector Graphic - Fill","nm":"Fill 1","c":{"a":0,"k":[0.0471,0.2314,0.3647],"ix":4},"r":1,"o":{"a":0,"k":100,"ix":5}},{"ty":"tr","a":{"a":0,"k":[0,0],"ix":1},"s":{"a":0,"k":[100,100],"ix":3},"sk":{"a":0,"k":0,"ix":4},"p":{"a":0,"k":[13.5,13.5],"ix":2},"r":{"a":0,"k":0,"ix":6},"sa":{"a":0,"k":0,"ix":5},"o":{"a":0,"k":100,"ix":7}}]}],"ind":8},{"ty":4,"nm":"1 Outlines","sr":1,"st":0,"op":360,"ip":0,"hd":false,"ddd":0,"bm":0,"hasMask":false,"ao":0,"ks":{"a":{"a":0,"k":[2.515,5.5,0],"ix":1},"s":{"a":0,"k":[100,100,100],"ix":6},"sk":{"a":0,"k":0},"p":{"a":0,"k":[49.667,16.22,0],"ix":2},"r":{"a":0,"k":0,"ix":10},"sa":{"a":0,"k":0},"o":{"a":1,"k":[{"o":{"x":0.167,"y":0.167},"i":{"x":0.833,"y":0.833},"s":[0],"t":27},{"s":[100],"t":45}],"ix":11}},"shapes":[{"ty":"gr","bm":0,"hd":false,"mn":"ADBE Vector Group","nm":"Group 1","ix":1,"cix":2,"np":2,"it":[{"ty":"sh","bm":0,"hd":false,"mn":"ADBE Vector Shape - Group","nm":"Path 1","ix":1,"d":1,"ks":{"a":0,"k":{"c":true,"i":[[0,0],[0,0],[0,0],[0,0],[0,0],[0,0]],"o":[[0,0],[0,0],[0,0],[0,0],[0,0],[0,0]],"v":[[2.265,-5.25],[2.265,5.25],[-0.165,5.25],[-0.165,-3.3],[-2.265,-3.3],[-2.265,-5.25]]},"ix":2}},{"ty":"fl","bm":0,"hd":false,"mn":"ADBE Vector Graphic - Fill","nm":"Fill 1","c":{"a":0,"k":[0.9412,0.9412,0.9176],"ix":4},"r":1,"o":{"a":0,"k":100,"ix":5}},{"ty":"tr","a":{"a":0,"k":[0,0],"ix":1},"s":{"a":0,"k":[100,100],"ix":3},"sk":{"a":0,"k":0,"ix":4},"p":{"a":0,"k":[2.515,5.5],"ix":2},"r":{"a":0,"k":0,"ix":6},"sa":{"a":0,"k":0,"ix":5},"o":{"a":0,"k":100,"ix":7}}]}],"ind":9},{"ty":4,"nm":"1C Outlines","sr":1,"st":0,"op":360,"ip":0,"hd":false,"ddd":0,"bm":0,"hasMask":false,"ao":0,"ks":{"a":{"a":0,"k":[13.5,13.5,0],"ix":1},"s":{"a":1,"k":[{"o":{"x":0.333,"y":0},"i":{"x":0,"y":1},"s":[0,0,100],"t":16},{"s":[100,100,100],"t":37}],"ix":6},"sk":{"a":0,"k":0},"p":{"a":0,"k":[50.237,15.97,0],"ix":2},"r":{"a":0,"k":0,"ix":10},"sa":{"a":0,"k":0},"o":{"a":0,"k":100,"ix":11}},"shapes":[{"ty":"gr","bm":0,"hd":false,"mn":"ADBE Vector Group","nm":"Group 1","ix":1,"cix":2,"np":2,"it":[{"ty":"sh","bm":0,"hd":false,"mn":"ADBE Vector Shape - Group","nm":"Path 1","ix":1,"d":1,"ks":{"a":0,"k":{"c":true,"i":[[-6.351,0],[0,-6.351],[6.351,0],[0,6.351]],"o":[[6.351,0],[0,6.351],[-6.351,0],[0,-6.351]],"v":[[0,-11.5],[11.5,0],[0,11.5],[-11.5,0]]},"ix":2}},{"ty":"st","bm":0,"hd":false,"mn":"ADBE Vector Graphic - Stroke","nm":"Stroke 1","lc":1,"lj":1,"ml":4,"o":{"a":0,"k":100,"ix":4},"w":{"a":0,"k":2,"ix":5},"c":{"a":0,"k":[0.9412,0.9412,0.9176],"ix":3}},{"ty":"tr","a":{"a":0,"k":[0,0],"ix":1},"s":{"a":0,"k":[100,100],"ix":3},"sk":{"a":0,"k":0,"ix":4},"p":{"a":0,"k":[13.5,13.5],"ix":2},"r":{"a":0,"k":0,"ix":6},"sa":{"a":0,"k":0,"ix":5},"o":{"a":0,"k":100,"ix":7}}]},{"ty":"gr","bm":0,"hd":false,"mn":"ADBE Vector Group","nm":"Group 2","ix":2,"cix":2,"np":2,"it":[{"ty":"sh","bm":0,"hd":false,"mn":"ADBE Vector Shape - Group","nm":"Path 1","ix":1,"d":1,"ks":{"a":0,"k":{"c":true,"i":[[-5.799,0],[0,-5.799],[5.799,0],[0,5.799]],"o":[[5.799,0],[0,5.799],[-5.799,0],[0,-5.799]],"v":[[0,-10.5],[10.5,0],[0,10.5],[-10.5,0]]},"ix":2}},{"ty":"fl","bm":0,"hd":false,"mn":"ADBE Vector Graphic - Fill","nm":"Fill 1","c":{"a":0,"k":[0.0471,0.2314,0.3647],"ix":4},"r":1,"o":{"a":0,"k":100,"ix":5}},{"ty":"tr","a":{"a":0,"k":[0,0],"ix":1},"s":{"a":0,"k":[100,100],"ix":3},"sk":{"a":0,"k":0,"ix":4},"p":{"a":0,"k":[13.5,13.5],"ix":2},"r":{"a":0,"k":0,"ix":6},"sa":{"a":0,"k":0,"ix":5},"o":{"a":0,"k":100,"ix":7}}]}],"ind":10},{"ty":4,"nm":"I - Deploy Outlines","sr":1,"st":0,"op":360,"ip":0,"hd":false,"ddd":0,"bm":0,"hasMask":false,"ao":0,"ks":{"a":{"a":0,"k":[29.25,29.25,0],"ix":1},"s":{"a":0,"k":[100,100,100],"ix":6},"sk":{"a":0,"k":0},"p":{"a":0,"k":[841.254,141.89],"ix":2},"r":{"a":0,"k":0,"ix":10},"sa":{"a":0,"k":0},"o":{"a":1,"k":[{"o":{"x":0.167,"y":0.167},"i":{"x":0.833,"y":0.833},"s":[0],"t":171},{"s":[100],"t":178}],"ix":11}},"shapes":[{"ty":"gr","bm":0,"hd":false,"mn":"ADBE Vector Group","nm":"Group 1","ix":1,"cix":2,"np":9,"it":[{"ty":"sh","bm":0,"hd":false,"mn":"ADBE Vector Shape - Group","nm":"Path 1","ix":1,"d":1,"ks":{"a":0,"k":{"c":true,"i":[[0,0],[0.19,-0.644],[0.151,-1.042],[-1.003,0.323],[-0.518,0.428],[-0.001,0.612],[1.239,0.043],[0.054,-0.002],[0.4,-0.463]],"o":[[-0.428,0.518],[-0.323,1.003],[1.042,-0.151],[0.644,-0.19],[0.463,-0.4],[0.043,-1.239],[-0.054,-0.002],[-0.612,0.001],[0,0]],"v":[[-10.882,7.454],[-11.819,9.215],[-12.531,12.288],[-9.458,11.576],[-7.697,10.639],[-6.966,9.046],[-9.131,6.725],[-9.292,6.725],[-10.885,7.456]]},"ix":2}},{"ty":"sh","bm":0,"hd":false,"mn":"ADBE Vector Shape - Group","nm":"Path 2","ix":2,"d":1,"ks":{"a":0,"k":{"c":true,"i":[[0,0],[-1.203,-0.01],[-0.046,-2.439],[0.001,-0.056],[0.86,-0.841],[1.119,-0.292],[2.07,-0.243],[-0.539,2.018],[-0.768,0.868]],"o":[[0.842,-0.86],[2.439,-0.046],[0.001,0.056],[0.01,1.203],[-0.864,0.769],[-2.009,0.556],[0.246,-2.074],[0.278,-1.126],[0,0]],"v":[[-12.459,5.842],[-9.259,4.512],[-4.759,8.844],[-4.759,9.012],[-6.089,12.212],[-9.105,13.826],[-15.232,15.025],[-14.052,8.88],[-12.459,5.844]]},"ix":2}},{"ty":"sh","bm":0,"hd":false,"mn":"ADBE Vector Shape - Group","nm":"Path 3","ix":3,"d":1,"ks":{"a":0,"k":{"c":true,"i":[[0,0],[1.098,-2.968],[2.311,-2.231],[0,0],[0,0],[0,0],[0.113,-0.351],[0.266,-0.261],[0,0],[0,0],[0,0],[0,0],[0,0],[-0.355,0.115],[-0.361,-0.076],[0,0],[-0.028,0.015],[-0.022,0.023],[-2.98,1.208],[-3.155,-0.259]],"o":[[0.259,3.154],[-1.196,2.981],[0,0],[0,0],[0,0],[0.076,0.361],[-0.115,0.355],[0,0],[0,0],[0,0],[0,0],[0,0],[0.261,-0.266],[0.351,-0.112],[0,0],[0.022,-0.023],[0.028,-0.015],[2.234,-2.313],[2.965,-1.111],[0,0]],"v":[[14.973,-14.843],[13.699,-5.549],[8.378,2.357],[8.303,2.433],[8.228,2.508],[9.052,6.63],[8.996,7.717],[8.415,8.654],[2.007,15.1],[-1.182,7.678],[-7.553,1.308],[-14.97,-1.874],[-8.524,-8.283],[-7.587,-8.863],[-6.5,-8.919],[-2.378,-8.095],[-2.303,-8.151],[-2.228,-8.208],[5.679,-13.548],[14.973,-14.84]]},"ix":2}},{"ty":"sh","bm":0,"hd":false,"mn":"ADBE Vector Shape - Group","nm":"Path 4","ix":4,"d":1,"ks":{"a":0,"k":{"c":true,"i":[[0,0],[0,0],[0,0],[0.874,-0.512],[0.9,-0.45]],"o":[[0,0],[0,0],[-0.8,0.575],[-0.874,0.512],[0,0]],"v":[[2.756,11.161],[6.841,7.076],[6.241,4.115],[3.73,5.745],[1.069,7.189]]},"ix":2}},{"ty":"sh","bm":0,"hd":false,"mn":"ADBE Vector Shape - Group","nm":"Path 5","ix":5,"d":1,"ks":{"a":0,"k":{"c":true,"i":[[0,0],[-0.999,1.035],[-1.027,-1.004],[0.01,-0.713],[1.448,0.008],[0.487,0.477]],"o":[[-0.999,-1.035],[1.004,-1.027],[0.51,0.498],[-0.008,1.449],[-0.681,-0.004],[0,0]],"v":[[3.318,-3.192],[3.318,-6.902],[6.995,-6.945],[7.777,-5.048],[5.139,-2.439],[3.318,-3.189]]},"ix":2}},{"ty":"sh","bm":0,"hd":false,"mn":"ADBE Vector Shape - Group","nm":"Path 6","ix":6,"d":1,"ks":{"a":0,"k":{"c":true,"i":[[0,0],[0,0],[-1.277,0.84],[-0.93,0.899],[-1.094,2.328],[-0.031,2.478],[2.275,-0.982],[1.784,-1.853],[0.697,-1.089],[0.632,-1.392]],"o":[[0,0],[1.392,-0.632],[1.089,-0.697],[1.853,-1.784],[0.982,-2.275],[-2.478,0.031],[-2.328,1.094],[-0.899,0.93],[-0.84,1.277],[0,0]],"v":[[-5.264,0.408],[-0.282,5.393],[3.728,3.182],[6.763,0.782],[11.222,-5.439],[12.758,-12.639],[5.558,-11.104],[-0.663,-6.645],[-3.063,-3.609],[-5.274,0.4]]},"ix":2}},{"ty":"sh","bm":0,"hd":false,"mn":"ADBE Vector Shape - Group","nm":"Path 7","ix":7,"d":1,"ks":{"a":0,"k":{"c":true,"i":[[0,0],[0,0],[-0.512,0.875],[-0.575,0.799],[0,0]],"o":[[0,0],[0.45,-0.899],[0.512,-0.875],[0,0],[0,0]],"v":[[-11.035,-2.628],[-7.063,-0.941],[-5.62,-3.602],[-3.99,-6.113],[-6.95,-6.714]]},"ix":2}},{"ty":"mm","bm":0,"hd":false,"mn":"ADBE Vector Filter - Merge","nm":"Merge Paths 1","mm":1},{"ty":"fl","bm":0,"hd":false,"mn":"ADBE Vector Graphic - Fill","nm":"Fill 1","c":{"a":0,"k":[0.9412,0.9412,0.9176],"ix":4},"r":1,"o":{"a":0,"k":100,"ix":5}},{"ty":"tr","a":{"a":0,"k":[0,0],"ix":1},"s":{"a":0,"k":[100,100],"ix":3},"sk":{"a":0,"k":0,"ix":4},"p":{"a":0,"k":[30.052,29.151],"ix":2},"r":{"a":0,"k":0,"ix":6},"sa":{"a":0,"k":0,"ix":5},"o":{"a":0,"k":100,"ix":7}}]},{"ty":"gr","bm":0,"hd":false,"mn":"ADBE Vector Group","nm":"Group 2","ix":2,"cix":2,"np":2,"it":[{"ty":"sh","bm":0,"hd":false,"mn":"ADBE Vector Shape - Group","nm":"Path 1","ix":1,"d":1,"ks":{"a":0,"k":{"c":true,"i":[[-5.523,0],[0,0],[0,-5.523],[0,0],[5.523,0],[0,0],[0,5.523],[0,0]],"o":[[0,0],[5.523,0],[0,0],[0,5.523],[0,0],[-5.523,0],[0,0],[0,-5.523]],"v":[[-19,-29],[19,-29],[29,-19],[29,19],[19,29],[-19,29],[-29,19],[-29,-19]]},"ix":2}},{"ty":"fl","bm":0,"hd":false,"mn":"ADBE Vector Graphic - Fill","nm":"Fill 1","c":{"a":0,"k":[0.6157,0.7608,0.7686],"ix":4},"r":1,"o":{"a":0,"k":100,"ix":5}},{"ty":"tr","a":{"a":0,"k":[0,0],"ix":1},"s":{"a":0,"k":[100,100],"ix":3},"sk":{"a":0,"k":0,"ix":4},"p":{"a":0,"k":[29.25,29.25],"ix":2},"r":{"a":0,"k":0,"ix":6},"sa":{"a":0,"k":0,"ix":5},"o":{"a":0,"k":100,"ix":7}}]}],"ind":11},{"ty":4,"nm":"Deploy Outlines","sr":1,"st":0,"op":360,"ip":0,"hd":false,"ddd":0,"bm":0,"hasMask":false,"ao":0,"ks":{"a":{"a":0,"k":[36.361,9.692,0],"ix":1},"s":{"a":0,"k":[100,100,100],"ix":6},"sk":{"a":0,"k":0},"p":{"s":true,"x":{"a":0,"k":841.2349999999999,"ix":3},"y":{"a":1,"k":[{"o":{"x":0.333,"y":0},"i":{"x":0,"y":1},"s":[145.07],"t":176},{"o":{"x":0.167,"y":0.167},"i":{"x":0.833,"y":0.833},"s":[196.07],"t":211},{"s":[194.28],"t":308}],"ix":4}},"r":{"a":0,"k":0,"ix":10},"sa":{"a":0,"k":0},"o":{"a":1,"k":[{"o":{"x":0.167,"y":0.167},"i":{"x":0.833,"y":0.833},"s":[0],"t":176},{"s":[100],"t":198}],"ix":11}},"shapes":[{"ty":"gr","bm":0,"hd":false,"mn":"ADBE Vector Group","nm":"Group 1","ix":1,"cix":2,"np":2,"it":[{"ty":"sh","bm":0,"hd":false,"mn":"ADBE Vector Shape - Group","nm":"Path 1","ix":1,"d":1,"ks":{"a":0,"k":{"c":true,"i":[[0,0],[0,0],[1.94,0],[0.7,0.62],[0,0],[-0.62,0],[-0.42,0.961],[0,0],[0,0],[0,0],[0,0],[0,0]],"o":[[0,0],[-1.04,2.6],[-1.101,0],[0,0],[0.481,0.42],[0.859,0],[0,0],[0,0],[0,0],[0,0],[0,0],[0,0]],"v":[[6.161,-7.402],[1.3,4.021],[-3.161,7.402],[-6.161,6.421],[-5.021,4.201],[-3.26,4.881],[-1.5,3.54],[-1.461,3.441],[-6.122,-7.402],[-2.901,-7.402],[0.12,-0.1],[3.161,-7.402]]},"ix":2}},{"ty":"fl","bm":0,"hd":false,"mn":"ADBE Vector Graphic - Fill","nm":"Fill 1","c":{"a":0,"k":[0.0471,0.2314,0.3647],"ix":4},"r":1,"o":{"a":0,"k":100,"ix":5}},{"ty":"tr","a":{"a":0,"k":[0,0],"ix":1},"s":{"a":0,"k":[100,100],"ix":3},"sk":{"a":0,"k":0,"ix":4},"p":{"a":0,"k":[66.31,11.732],"ix":2},"r":{"a":0,"k":0,"ix":6},"sa":{"a":0,"k":0,"ix":5},"o":{"a":0,"k":100,"ix":7}}]},{"ty":"gr","bm":0,"hd":false,"mn":"ADBE Vector Group","nm":"Group 2","ix":2,"cix":2,"np":4,"it":[{"ty":"sh","bm":0,"hd":false,"mn":"ADBE Vector Shape - Group","nm":"Path 1","ix":1,"d":1,"ks":{"a":0,"k":{"c":true,"i":[[0,1.86],[1.56,0],[0,-1.86],[-1.561,0]],"o":[[0,-1.86],[-1.561,0],[0,1.86],[1.56,0]],"v":[[2.75,0],[0.01,-2.98],[-2.751,0],[0.01,2.98]]},"ix":2}},{"ty":"sh","bm":0,"hd":false,"mn":"ADBE Vector Shape - Group","nm":"Path 2","ix":2,"d":1,"ks":{"a":0,"k":{"c":true,"i":[[0,3.24],[-3.421,0],[0,-3.241],[3.421,0]],"o":[[0,-3.241],[3.421,0],[0,3.24],[-3.421,0]],"v":[[-5.911,0],[0.01,-5.541],[5.911,0],[0.01,5.541]]},"ix":2}},{"ty":"mm","bm":0,"hd":false,"mn":"ADBE Vector Filter - Merge","nm":"Merge Paths 1","mm":1},{"ty":"fl","bm":0,"hd":false,"mn":"ADBE Vector Graphic - Fill","nm":"Fill 1","c":{"a":0,"k":[0.0471,0.2314,0.3647],"ix":4},"r":1,"o":{"a":0,"k":100,"ix":5}},{"ty":"tr","a":{"a":0,"k":[0,0],"ix":1},"s":{"a":0,"k":[100,100],"ix":3},"sk":{"a":0,"k":0,"ix":4},"p":{"a":0,"k":[54.1,9.711],"ix":2},"r":{"a":0,"k":0,"ix":6},"sa":{"a":0,"k":0,"ix":5},"o":{"a":0,"k":100,"ix":7}}]},{"ty":"gr","bm":0,"hd":false,"mn":"ADBE Vector Group","nm":"Group 3","ix":3,"cix":2,"np":2,"it":[{"ty":"sh","bm":0,"hd":false,"mn":"ADBE Vector Shape - Group","nm":"Path 1","ix":1,"d":1,"ks":{"a":0,"k":{"c":true,"i":[[0,0],[0,0],[0,0],[0,0]],"o":[[0,0],[0,0],[0,0],[0,0]],"v":[[-1.56,-7.421],[1.56,-7.421],[1.56,7.421],[-1.56,7.421]]},"ix":2}},{"ty":"fl","bm":0,"hd":false,"mn":"ADBE Vector Graphic - Fill","nm":"Fill 1","c":{"a":0,"k":[0.0471,0.2314,0.3647],"ix":4},"r":1,"o":{"a":0,"k":100,"ix":5}},{"ty":"tr","a":{"a":0,"k":[0,0],"ix":1},"s":{"a":0,"k":[100,100],"ix":3},"sk":{"a":0,"k":0,"ix":4},"p":{"a":0,"k":[44.529,7.671],"ix":2},"r":{"a":0,"k":0,"ix":6},"sa":{"a":0,"k":0,"ix":5},"o":{"a":0,"k":100,"ix":7}}]},{"ty":"gr","bm":0,"hd":false,"mn":"ADBE Vector Group","nm":"Group 4","ix":4,"cix":2,"np":4,"it":[{"ty":"sh","bm":0,"hd":false,"mn":"ADBE Vector Shape - Group","nm":"Path 1","ix":1,"d":1,"ks":{"a":0,"k":{"c":true,"i":[[0,1.86],[1.559,0],[0,-1.86],[-1.561,0]],"o":[[0,-1.86],[-1.561,0],[0,1.86],[1.559,0]],"v":[[2.701,-1.861],[-0.039,-4.84],[-2.78,-1.861],[-0.039,1.12]]},"ix":2}},{"ty":"sh","bm":0,"hd":false,"mn":"ADBE Vector Shape - Group","nm":"Path 2","ix":2,"d":1,"ks":{"a":0,"k":{"c":true,"i":[[0,-3.381],[3.02,0],[0.8,0.881],[0,0],[0,0],[0,0],[0,0],[0,0],[-1.441,0]],"o":[[0,3.381],[-1.341,0],[0,0],[0,0],[0,0],[0,0],[0,0],[0.78,-0.939],[3.02,0]],"v":[[5.861,-1.861],[0.501,3.68],[-2.74,2.38],[-2.74,7.402],[-5.861,7.402],[-5.861,-7.242],[-2.88,-7.242],[-2.88,-6.003],[0.501,-7.402]]},"ix":2}},{"ty":"mm","bm":0,"hd":false,"mn":"ADBE Vector Filter - Merge","nm":"Merge Paths 1","mm":1},{"ty":"fl","bm":0,"hd":false,"mn":"ADBE Vector Graphic - Fill","nm":"Fill 1","c":{"a":0,"k":[0.0471,0.2314,0.3647],"ix":4},"r":1,"o":{"a":0,"k":100,"ix":5}},{"ty":"tr","a":{"a":0,"k":[0,0],"ix":1},"s":{"a":0,"k":[100,100],"ix":3},"sk":{"a":0,"k":0,"ix":4},"p":{"a":0,"k":[35.03,11.572],"ix":2},"r":{"a":0,"k":0,"ix":6},"sa":{"a":0,"k":0,"ix":5},"o":{"a":0,"k":100,"ix":7}}]},{"ty":"gr","bm":0,"hd":false,"mn":"ADBE Vector Group","nm":"Group 5","ix":5,"cix":2,"np":4,"it":[{"ty":"sh","bm":0,"hd":false,"mn":"ADBE Vector Shape - Group","nm":"Path 1","ix":1,"d":1,"ks":{"a":0,"k":{"c":true,"i":[[0.221,-1.38],[0,0],[1.401,0]],"o":[[0,0],[-0.221,-1.36],[-1.421,0]],"v":[[-2.57,-0.94],[2.732,-0.94],[0.091,-3.18]]},"ix":2}},{"ty":"sh","bm":0,"hd":false,"mn":"ADBE Vector Shape - Group","nm":"Path 2","ix":2,"d":1,"ks":{"a":0,"k":{"c":true,"i":[[0.02,-0.259],[0,0],[-1.641,0],[-0.74,0.701],[0,0],[1.94,0],[0,3.201],[-3.281,0],[0,-3.46]],"o":[[0,0],[0.301,1.34],[1.141,0],[0,0],[-1,1.14],[-3.721,0],[0,-3.22],[3.161,0],[0,0.24]],"v":[[5.612,0.88],[-2.531,0.88],[0.55,3.04],[3.25,2],[4.911,3.801],[0.471,5.541],[-5.672,0],[0.07,-5.541],[5.672,0.04]]},"ix":2}},{"ty":"mm","bm":0,"hd":false,"mn":"ADBE Vector Filter - Merge","nm":"Merge Paths 1","mm":1},{"ty":"fl","bm":0,"hd":false,"mn":"ADBE Vector Graphic - Fill","nm":"Fill 1","c":{"a":0,"k":[0.0471,0.2314,0.3647],"ix":4},"r":1,"o":{"a":0,"k":100,"ix":5}},{"ty":"tr","a":{"a":0,"k":[0,0],"ix":1},"s":{"a":0,"k":[100,100],"ix":3},"sk":{"a":0,"k":0,"ix":4},"p":{"a":0,"k":[21.42,9.711],"ix":2},"r":{"a":0,"k":0,"ix":6},"sa":{"a":0,"k":0,"ix":5},"o":{"a":0,"k":100,"ix":7}}]},{"ty":"gr","bm":0,"hd":false,"mn":"ADBE Vector Group","nm":"Group 6","ix":6,"cix":2,"np":4,"it":[{"ty":"sh","bm":0,"hd":false,"mn":"ADBE Vector Shape - Group","nm":"Path 1","ix":1,"d":1,"ks":{"a":0,"k":{"c":true,"i":[[0,0],[0,2.681],[2.78,0],[0,0],[0,0]],"o":[[2.78,0],[0,-2.679],[0,0],[0,0],[0,0]],"v":[[-0.84,4.342],[3.761,-0.001],[-0.84,-4.342],[-3.801,-4.342],[-3.801,4.342]]},"ix":2}},{"ty":"sh","bm":0,"hd":false,"mn":"ADBE Vector Shape - Group","nm":"Path 2","ix":2,"d":1,"ks":{"a":0,"k":{"c":true,"i":[[0,0],[0,0],[0,-4.24],[4.581,0],[0,0]],"o":[[0,0],[4.581,0],[0,4.241],[0,0],[0,0]],"v":[[-7.041,-7.001],[-0.68,-7.001],[7.041,-0.001],[-0.68,7.001],[-7.041,7.001]]},"ix":2}},{"ty":"mm","bm":0,"hd":false,"mn":"ADBE Vector Filter - Merge","nm":"Merge Paths 1","mm":1},{"ty":"fl","bm":0,"hd":false,"mn":"ADBE Vector Graphic - Fill","nm":"Fill 1","c":{"a":0,"k":[0.0471,0.2314,0.3647],"ix":4},"r":1,"o":{"a":0,"k":100,"ix":5}},{"ty":"tr","a":{"a":0,"k":[0,0],"ix":1},"s":{"a":0,"k":[100,100],"ix":3},"sk":{"a":0,"k":0,"ix":4},"p":{"a":0,"k":[7.291,8.091],"ix":2},"r":{"a":0,"k":0,"ix":6},"sa":{"a":0,"k":0,"ix":5},"o":{"a":0,"k":100,"ix":7}}]}],"ind":12},{"ty":4,"nm":"I - Plan Outlines","sr":1,"st":0,"op":360,"ip":0,"hd":false,"ddd":0,"bm":0,"hasMask":false,"ao":0,"ks":{"a":{"a":0,"k":[29.25,29.25,0],"ix":1},"s":{"a":0,"k":[100,100,100],"ix":6},"sk":{"a":0,"k":0},"p":{"a":0,"k":[72.004,43.47,0],"ix":2},"r":{"a":0,"k":0,"ix":10},"sa":{"a":0,"k":0},"o":{"a":1,"k":[{"o":{"x":0.167,"y":0.167},"i":{"x":0.833,"y":0.833},"s":[0],"t":15},{"s":[100],"t":22}],"ix":11}},"shapes":[{"ty":"gr","bm":0,"hd":false,"mn":"ADBE Vector Group","nm":"Group 1","ix":1,"cix":2,"np":6,"it":[{"ty":"sh","bm":0,"hd":false,"mn":"ADBE Vector Shape - Group","nm":"Path 1","ix":1,"d":1,"ks":{"a":0,"k":{"c":true,"i":[[0,0],[0,0],[0,0],[0,0]],"o":[[0,0],[0,0],[0,0],[0,0]],"v":[[-12.502,11.375],[-6.585,9.125],[-6.585,-11.917],[-12.502,-9.958]]},"ix":2}},{"ty":"sh","bm":0,"hd":false,"mn":"ADBE Vector Shape - Group","nm":"Path 2","ix":2,"d":1,"ks":{"a":0,"k":{"c":true,"i":[[0,0],[0,0],[0,0],[0,0]],"o":[[0,0],[0,0],[0,0],[0,0]],"v":[[6.581,11.875],[12.498,9.917],[12.498,-11.417],[6.581,-9.167]]},"ix":2}},{"ty":"sh","bm":0,"hd":false,"mn":"ADBE Vector Shape - Group","nm":"Path 3","ix":3,"d":1,"ks":{"a":0,"k":{"c":true,"i":[[0,0],[0,0],[0,0],[0,0]],"o":[[0,0],[0,0],[0,0],[0,0]],"v":[[4.081,11.875],[4.081,-9.167],[-4.086,-11.917],[-4.086,9.125]]},"ix":2}},{"ty":"sh","bm":0,"hd":false,"mn":"ADBE Vector Shape - Group","nm":"Path 4","ix":4,"d":1,"ks":{"a":0,"k":{"c":true,"i":[[0,0],[0,0],[0,0],[0.421,0.278],[-0.024,0.511],[0,0],[-0.208,0.276],[-0.323,0.131],[0,0],[0,0],[0,0],[-0.424,-0.264],[0.028,-0.507],[0,0],[0.204,-0.213],[0.293,-0.103]],"o":[[0,0],[0,0],[-0.437,0.253],[-0.444,-0.256],[0,0],[-0.005,-0.345],[0.209,-0.278],[0,0],[0,0],[0,0],[0.446,-0.225],[0.445,0.244],[0,0],[0.005,0.295],[-0.214,0.226],[0,0]],"v":[[5.498,15],[-5.46,11.125],[-12.919,14.083],[-14.319,14.041],[-15.002,12.792],[-15.002,-10.458],[-14.689,-11.416],[-13.876,-12.041],[-5.46,-15],[5.498,-11.167],[12.915,-14.125],[14.315,-14.062],[14.998,-12.833],[14.998,10.708],[14.686,11.5],[13.915,12]]},"ix":2}},{"ty":"mm","bm":0,"hd":false,"mn":"ADBE Vector Filter - Merge","nm":"Merge Paths 1","mm":1},{"ty":"fl","bm":0,"hd":false,"mn":"ADBE Vector Graphic - Fill","nm":"Fill 1","c":{"a":0,"k":[0.9412,0.9412,0.9176],"ix":4},"r":1,"o":{"a":0,"k":100,"ix":5}},{"ty":"tr","a":{"a":0,"k":[0,0],"ix":1},"s":{"a":0,"k":[100,100],"ix":3},"sk":{"a":0,"k":0,"ix":4},"p":{"a":0,"k":[28.252,30.25],"ix":2},"r":{"a":0,"k":0,"ix":6},"sa":{"a":0,"k":0,"ix":5},"o":{"a":0,"k":100,"ix":7}}]},{"ty":"gr","bm":0,"hd":false,"mn":"ADBE Vector Group","nm":"Group 2","ix":2,"cix":2,"np":2,"it":[{"ty":"sh","bm":0,"hd":false,"mn":"ADBE Vector Shape - Group","nm":"Path 1","ix":1,"d":1,"ks":{"a":0,"k":{"c":true,"i":[[-5.523,0],[0,0],[0,-5.523],[0,0],[5.523,0],[0,0],[0,5.523],[0,0]],"o":[[0,0],[5.523,0],[0,0],[0,5.523],[0,0],[-5.523,0],[0,0],[0,-5.523]],"v":[[-19,-29],[19,-29],[29,-19],[29,19],[19,29],[-19,29],[-29,19],[-29,-19]]},"ix":2}},{"ty":"fl","bm":0,"hd":false,"mn":"ADBE Vector Graphic - Fill","nm":"Fill 1","c":{"a":0,"k":[0.6706,0.7255,0.7529],"ix":4},"r":1,"o":{"a":0,"k":100,"ix":5}},{"ty":"tr","a":{"a":0,"k":[0,0],"ix":1},"s":{"a":0,"k":[100,100],"ix":3},"sk":{"a":0,"k":0,"ix":4},"p":{"a":0,"k":[29.25,29.25],"ix":2},"r":{"a":0,"k":0,"ix":6},"sa":{"a":0,"k":0,"ix":5},"o":{"a":0,"k":100,"ix":7}}]}],"ind":13},{"ty":4,"nm":"Plan Outlines","sr":1,"st":0,"op":360,"ip":0,"hd":false,"ddd":0,"bm":0,"hasMask":false,"ao":0,"ks":{"a":{"a":0,"k":[22.141,7.751,0],"ix":1},"s":{"a":0,"k":[100,100,100],"ix":6},"sk":{"a":0,"k":0},"p":{"s":true,"x":{"a":0,"k":72.556,"ix":3},"y":{"a":1,"k":[{"o":{"x":0.333,"y":0},"i":{"x":0.072,"y":1},"s":[50],"t":18},{"s":[94.129],"t":53}],"ix":4}},"r":{"a":0,"k":0,"ix":10},"sa":{"a":0,"k":0},"o":{"a":1,"k":[{"o":{"x":0.167,"y":0.167},"i":{"x":0.833,"y":0.833},"s":[0],"t":18},{"s":[100],"t":40}],"ix":11}},"shapes":[{"ty":"gr","bm":0,"hd":false,"mn":"ADBE Vector Group","nm":"Group 1","ix":1,"cix":2,"np":2,"it":[{"ty":"sh","bm":0,"hd":false,"mn":"ADBE Vector Shape - Group","nm":"Path 1","ix":1,"d":1,"ks":{"a":0,"k":{"c":true,"i":[[0,-3.281],[0,0],[0,0],[0,0],[1.38,0],[0,-1.981],[0,0],[0,0],[0,0],[0,0],[0,0],[-1.46,0]],"o":[[0,0],[0,0],[0,0],[0,-1.74],[-1.501,0],[0,0],[0,0],[0,0],[0,0],[0,0],[0.84,-0.92],[2.541,0]],"v":[[5.501,-0.7],[5.501,5.461],[2.38,5.461],[2.38,-0.221],[0.2,-2.761],[-2.381,0.14],[-2.381,5.461],[-5.501,5.461],[-5.501,-5.302],[-2.521,-5.302],[-2.521,-4.041],[1.04,-5.461]]},"ix":2}},{"ty":"fl","bm":0,"hd":false,"mn":"ADBE Vector Graphic - Fill","nm":"Fill 1","c":{"a":0,"k":[0.0471,0.2314,0.3647],"ix":4},"r":1,"o":{"a":0,"k":100,"ix":5}},{"ty":"tr","a":{"a":0,"k":[0,0],"ix":1},"s":{"a":0,"k":[100,100],"ix":3},"sk":{"a":0,"k":0,"ix":4},"p":{"a":0,"k":[38.531,9.631],"ix":2},"r":{"a":0,"k":0,"ix":6},"sa":{"a":0,"k":0,"ix":5},"o":{"a":0,"k":100,"ix":7}}]},{"ty":"gr","bm":0,"hd":false,"mn":"ADBE Vector Group","nm":"Group 2","ix":2,"cix":2,"np":4,"it":[{"ty":"sh","bm":0,"hd":false,"mn":"ADBE Vector Shape - Group","nm":"Path 1","ix":1,"d":1,"ks":{"a":0,"k":{"c":true,"i":[[-0.36,0.979],[0,0],[0,0],[0,-0.721],[-1.1,0]],"o":[[0,0],[0,0],[-1.46,0],[0,0.779],[1.041,0]],"v":[[1.99,1.98],[1.99,0.879],[-0.15,0.879],[-2.07,2.14],[-0.311,3.44]]},"ix":2}},{"ty":"sh","bm":0,"hd":false,"mn":"ADBE Vector Shape - Group","nm":"Path 2","ix":2,"d":1,"ks":{"a":0,"k":{"c":true,"i":[[0,-3.261],[0,0],[0,0],[0,0],[1.581,0],[0,1.86],[-3.281,0],[0,0],[1.68,0],[0.781,-0.62],[0,0],[-1.72,0]],"o":[[0,0],[0,0],[0,0],[-0.58,0.979],[-2.52,0],[0,-1.901],[0,0],[0,-1.341],[-1.141,0],[0,0],[1.181,-0.84],[3.281,0]],"v":[[5.111,-0.761],[5.111,5.38],[2.19,5.38],[2.19,4.041],[-1.09,5.541],[-5.111,2.28],[-0.49,-0.941],[1.99,-0.941],[-0.49,-3.061],[-3.592,-2.061],[-4.712,-4.242],[-0.07,-5.541]]},"ix":2}},{"ty":"mm","bm":0,"hd":false,"mn":"ADBE Vector Filter - Merge","nm":"Merge Paths 1","mm":1},{"ty":"fl","bm":0,"hd":false,"mn":"ADBE Vector Graphic - Fill","nm":"Fill 1","c":{"a":0,"k":[0.0471,0.2314,0.3647],"ix":4},"r":1,"o":{"a":0,"k":100,"ix":5}},{"ty":"tr","a":{"a":0,"k":[0,0],"ix":1},"s":{"a":0,"k":[100,100],"ix":3},"sk":{"a":0,"k":0,"ix":4},"p":{"a":0,"k":[25.1,9.712],"ix":2},"r":{"a":0,"k":0,"ix":6},"sa":{"a":0,"k":0,"ix":5},"o":{"a":0,"k":100,"ix":7}}]},{"ty":"gr","bm":0,"hd":false,"mn":"ADBE Vector Group","nm":"Group 3","ix":3,"cix":2,"np":2,"it":[{"ty":"sh","bm":0,"hd":false,"mn":"ADBE Vector Shape - Group","nm":"Path 1","ix":1,"d":1,"ks":{"a":0,"k":{"c":true,"i":[[0,0],[0,0],[0,0],[0,0]],"o":[[0,0],[0,0],[0,0],[0,0]],"v":[[-1.561,-7.422],[1.561,-7.422],[1.561,7.422],[-1.561,7.422]]},"ix":2}},{"ty":"fl","bm":0,"hd":false,"mn":"ADBE Vector Graphic - Fill","nm":"Fill 1","c":{"a":0,"k":[0.0471,0.2314,0.3647],"ix":4},"r":1,"o":{"a":0,"k":100,"ix":5}},{"ty":"tr","a":{"a":0,"k":[0,0],"ix":1},"s":{"a":0,"k":[100,100],"ix":3},"sk":{"a":0,"k":0,"ix":4},"p":{"a":0,"k":[16.23,7.672],"ix":2},"r":{"a":0,"k":0,"ix":6},"sa":{"a":0,"k":0,"ix":5},"o":{"a":0,"k":100,"ix":7}}]},{"ty":"gr","bm":0,"hd":false,"mn":"ADBE Vector Group","nm":"Group 4","ix":4,"cix":2,"np":4,"it":[{"ty":"sh","bm":0,"hd":false,"mn":"ADBE Vector Shape - Group","nm":"Path 1","ix":1,"d":1,"ks":{"a":0,"k":{"c":true,"i":[[0,1.521],[1.981,0],[0,0],[0,0],[0,0]],"o":[[0,-1.54],[0,0],[0,0],[0,0],[1.981,0]],"v":[[2.791,-1.921],[-0.19,-4.361],[-2.831,-4.361],[-2.831,0.501],[-0.19,0.501]]},"ix":2}},{"ty":"sh","bm":0,"hd":false,"mn":"ADBE Vector Shape - Group","nm":"Path 2","ix":2,"d":1,"ks":{"a":0,"k":{"c":true,"i":[[0,-3.141],[3.741,0],[0,0],[0,0],[0,0],[0,0],[0,0]],"o":[[0,3.121],[0,0],[0,0],[0,0],[0,0],[0,0],[3.741,0]],"v":[[6.071,-1.921],[-0.01,3.141],[-2.831,3.141],[-2.831,7.001],[-6.071,7.001],[-6.071,-7.001],[-0.01,-7.001]]},"ix":2}},{"ty":"mm","bm":0,"hd":false,"mn":"ADBE Vector Filter - Merge","nm":"Merge Paths 1","mm":1},{"ty":"fl","bm":0,"hd":false,"mn":"ADBE Vector Graphic - Fill","nm":"Fill 1","c":{"a":0,"k":[0.0471,0.2314,0.3647],"ix":4},"r":1,"o":{"a":0,"k":100,"ix":5}},{"ty":"tr","a":{"a":0,"k":[0,0],"ix":1},"s":{"a":0,"k":[100,100],"ix":3},"sk":{"a":0,"k":0,"ix":4},"p":{"a":0,"k":[6.321,8.091],"ix":2},"r":{"a":0,"k":0,"ix":6},"sa":{"a":0,"k":0,"ix":5},"o":{"a":0,"k":100,"ix":7}}]}],"ind":14},{"ty":4,"nm":"I - Design Outlines","sr":1,"st":0,"op":360,"ip":0,"hd":false,"ddd":0,"bm":0,"hasMask":false,"ao":0,"ks":{"a":{"a":0,"k":[29.25,29.25,0],"ix":1},"s":{"a":0,"k":[100,100,100],"ix":6},"sk":{"a":0,"k":0},"p":{"a":0,"k":[353.20399999999995,140.89],"ix":2},"r":{"a":0,"k":0,"ix":10},"sa":{"a":0,"k":0},"o":{"a":1,"k":[{"o":{"x":0.167,"y":0.167},"i":{"x":0.833,"y":0.833},"s":[0],"t":61},{"s":[100],"t":68}],"ix":11}},"shapes":[{"ty":"gr","bm":0,"hd":false,"mn":"ADBE Vector Group","nm":"Group 1","ix":1,"cix":2,"np":8,"it":[{"ty":"sh","bm":0,"hd":false,"mn":"ADBE Vector Shape - Group","nm":"Path 1","ix":1,"d":1,"ks":{"a":0,"k":{"c":true,"i":[[0,0],[0,0]],"o":[[0,0],[0,0]],"v":[[4.467,-3.601],[6.217,-1.851]]},"ix":2}},{"ty":"sh","bm":0,"hd":false,"mn":"ADBE Vector Shape - Group","nm":"Path 2","ix":2,"d":1,"ks":{"a":0,"k":{"c":true,"i":[[0,0],[0,0],[0,0],[0,0],[0,0]],"o":[[0,0],[0,0],[0,0],[0,0],[0,0]],"v":[[-12.408,15.024],[-12.408,9.691],[4.467,-7.184],[9.801,-1.851],[-7.074,15.024]]},"ix":2}},{"ty":"sh","bm":0,"hd":false,"mn":"ADBE Vector Shape - Group","nm":"Path 3","ix":3,"d":1,"ks":{"a":0,"k":{"c":true,"i":[[0,0],[0,0],[0,0],[0,0],[0,0]],"o":[[0,0],[0,0],[0,0],[0,0],[0,0]],"v":[[-9.908,12.524],[-8.158,12.524],[6.217,-1.851],[4.467,-3.601],[-9.908,10.774]]},"ix":2}},{"ty":"sh","bm":0,"hd":false,"mn":"ADBE Vector Shape - Group","nm":"Path 4","ix":4,"d":1,"ks":{"a":0,"k":{"c":true,"i":[[0,0],[0,0],[0,0],[-0.921,-0.816],[-0.059,-0.067],[0,0],[0.816,-0.921],[0.067,-0.059]],"o":[[0,0],[0,0],[0.816,-0.92],[0.067,0.059],[0,0],[0.92,0.816],[-0.059,0.067],[0,0]],"v":[[11.592,-3.643],[6.258,-8.976],[8.133,-10.851],[11.277,-11.04],[11.466,-10.851],[13.466,-8.851],[13.656,-5.707],[13.466,-5.518]]},"ix":2}},{"ty":"sh","bm":0,"hd":false,"mn":"ADBE Vector Shape - Group","nm":"Path 5","ix":5,"d":1,"ks":{"a":0,"k":{"c":true,"i":[[0,0],[1.067,0.979],[-1.331,1.459],[-0.051,0.05],[-2.611,0.944],[-1.105,0.693],[-0.015,0.585],[0.571,0.42],[1.002,-0.079],[0.617,-0.209],[0.4,-0.406],[0.322,-0.031],[0.261,0.218],[0.015,0.34],[-0.218,0.238],[-0.827,0.318],[-1.085,-0.017],[-1.314,-0.958],[0.058,-1.433],[0.78,-0.761],[1.694,-0.52],[1.172,-0.666],[0.067,-0.548],[-0.75,-0.4],[-1.167,-0.246]],"o":[[-1.432,-0.216],[-1.46,-1.331],[0.049,-0.053],[0.722,-0.778],[1.246,-0.386],[0.482,-0.331],[-0.007,-0.708],[-0.832,-0.564],[-0.651,-0.016],[-0.534,0.198],[-0.23,0.228],[-0.337,0.045],[-0.285,-0.186],[-0.017,-0.322],[0.566,-0.682],[1.004,-0.413],[1.624,-0.082],[1.13,0.883],[0.022,1.089],[-1.375,1.117],[-1.279,0.426],[-0.495,0.245],[0,0.444],[1.075,0.518],[0,0]],"v":[[-9.074,2.774],[-12.908,0.941],[-13.141,-4.112],[-12.991,-4.267],[-7.991,-6.85],[-4.449,-8.476],[-3.658,-9.934],[-4.574,-11.726],[-7.408,-12.476],[-9.324,-12.184],[-10.742,-11.267],[-11.596,-10.867],[-12.534,-11.138],[-13.012,-11.976],[-12.699,-12.851],[-10.574,-14.376],[-7.408,-14.976],[-2.866,-13.622],[-1.158,-9.934],[-2.344,-7.034],[-6.991,-4.555],[-10.674,-2.913],[-11.574,-1.642],[-10.449,-0.376],[-7.074,0.774]]},"ix":2}},{"ty":"sh","bm":0,"hd":false,"mn":"ADBE Vector Shape - Group","nm":"Path 6","ix":6,"d":1,"ks":{"a":0,"k":{"c":true,"i":[[2.034,0.034],[0.017,0.683],[-0.249,0.232],[-0.327,-0.003],[-1.266,0.702],[-0.092,1.029],[0.685,0.394],[1.188,0.246],[0,0],[-1.058,-1.071],[-0.011,-1.139],[1.594,-0.842]],"o":[[-0.683,-0.017],[-0.011,-0.34],[0.233,-0.229],[1.447,0.048],[0.948,-0.409],[-0.088,-0.785],[-0.998,-0.689],[0,0],[1.462,0.359],[0.78,0.831],[0.035,1.802],[-1.754,1.031]],"v":[[4.258,15.024],[3.008,13.774],[3.383,12.874],[4.258,12.52],[8.404,11.52],[10.092,9.187],[8.863,7.312],[5.551,5.895],[7.51,3.937],[11.363,6.124],[12.592,9.187],[10.051,13.499]]},"ix":2}},{"ty":"mm","bm":0,"hd":false,"mn":"ADBE Vector Filter - Merge","nm":"Merge Paths 1","mm":1},{"ty":"fl","bm":0,"hd":false,"mn":"ADBE Vector Graphic - Fill","nm":"Fill 1","c":{"a":0,"k":[0.9412,0.9412,0.9176],"ix":4},"r":1,"o":{"a":0,"k":100,"ix":5}},{"ty":"tr","a":{"a":0,"k":[0,0],"ix":1},"s":{"a":0,"k":[100,100],"ix":3},"sk":{"a":0,"k":0,"ix":4},"p":{"a":0,"k":[29.179,27.814],"ix":2},"r":{"a":0,"k":0,"ix":6},"sa":{"a":0,"k":0,"ix":5},"o":{"a":0,"k":100,"ix":7}}]},{"ty":"gr","bm":0,"hd":false,"mn":"ADBE Vector Group","nm":"Group 2","ix":2,"cix":2,"np":2,"it":[{"ty":"sh","bm":0,"hd":false,"mn":"ADBE Vector Shape - Group","nm":"Path 1","ix":1,"d":1,"ks":{"a":0,"k":{"c":true,"i":[[-5.523,0],[0,0],[0,-5.523],[0,0],[5.523,0],[0,0],[0,5.523],[0,0]],"o":[[0,0],[5.523,0],[0,0],[0,5.523],[0,0],[-5.523,0],[0,0],[0,-5.523]],"v":[[-19,-29],[19,-29],[29,-19],[29,19],[19,29],[-19,29],[-29,19],[-29,-19]]},"ix":2}},{"ty":"fl","bm":0,"hd":false,"mn":"ADBE Vector Graphic - Fill","nm":"Fill 1","c":{"a":0,"k":[0.5569,0.7294,0.7412],"ix":4},"r":1,"o":{"a":0,"k":100,"ix":5}},{"ty":"tr","a":{"a":0,"k":[0,0],"ix":1},"s":{"a":0,"k":[100,100],"ix":3},"sk":{"a":0,"k":0,"ix":4},"p":{"a":0,"k":[29.25,29.25],"ix":2},"r":{"a":0,"k":0,"ix":6},"sa":{"a":0,"k":0,"ix":5},"o":{"a":0,"k":100,"ix":7}}]}],"ind":15},{"ty":4,"nm":"Design Outlines","sr":1,"st":0,"op":360,"ip":0,"hd":false,"ddd":0,"bm":0,"hasMask":false,"ao":0,"ks":{"a":{"a":0,"k":[35.531,10.142,0],"ix":1},"s":{"a":0,"k":[100,100,100],"ix":6},"sk":{"a":0,"k":0},"p":{"s":true,"x":{"a":0,"k":354.935,"ix":3},"y":{"a":1,"k":[{"o":{"x":0.333,"y":0},"i":{"x":0,"y":1},"s":[144.619],"t":62},{"o":{"x":0.167,"y":0.167},"i":{"x":0.833,"y":0.833},"s":[195.619],"t":99},{"s":[193.829],"t":308}],"ix":4}},"r":{"a":0,"k":0,"ix":10},"sa":{"a":0,"k":0},"o":{"a":1,"k":[{"o":{"x":0.167,"y":0.167},"i":{"x":0.833,"y":0.833},"s":[0],"t":62},{"s":[100],"t":86}],"ix":11}},"shapes":[{"ty":"gr","bm":0,"hd":false,"mn":"ADBE Vector Group","nm":"Group 1","ix":1,"cix":2,"np":2,"it":[{"ty":"sh","bm":0,"hd":false,"mn":"ADBE Vector Shape - Group","nm":"Path 1","ix":1,"d":1,"ks":{"a":0,"k":{"c":true,"i":[[0,-3.281],[0,0],[0,0],[0,0],[1.38,0],[0,-1.981],[0,0],[0,0],[0,0],[0,0],[0,0],[-1.46,0]],"o":[[0,0],[0,0],[0,0],[0,-1.74],[-1.501,0],[0,0],[0,0],[0,0],[0,0],[0,0],[0.84,-0.92],[2.541,0]],"v":[[5.501,-0.7],[5.501,5.461],[2.38,5.461],[2.38,-0.221],[0.2,-2.761],[-2.381,0.14],[-2.381,5.461],[-5.501,5.461],[-5.501,-5.302],[-2.521,-5.302],[-2.521,-4.041],[1.04,-5.461]]},"ix":2}},{"ty":"fl","bm":0,"hd":false,"mn":"ADBE Vector Graphic - Fill","nm":"Fill 1","c":{"a":0,"k":[0.0471,0.2314,0.3647],"ix":4},"r":1,"o":{"a":0,"k":100,"ix":5}},{"ty":"tr","a":{"a":0,"k":[0,0],"ix":1},"s":{"a":0,"k":[100,100],"ix":3},"sk":{"a":0,"k":0,"ix":4},"p":{"a":0,"k":[65.311,10.532],"ix":2},"r":{"a":0,"k":0,"ix":6},"sa":{"a":0,"k":0,"ix":5},"o":{"a":0,"k":100,"ix":7}}]},{"ty":"gr","bm":0,"hd":false,"mn":"ADBE Vector Group","nm":"Group 2","ix":2,"cix":2,"np":4,"it":[{"ty":"sh","bm":0,"hd":false,"mn":"ADBE Vector Shape - Group","nm":"Path 1","ix":1,"d":1,"ks":{"a":0,"k":{"c":true,"i":[[0,1.581],[1.64,0],[0,-1.58],[-1.641,0]],"o":[[0,-1.58],[-1.641,0],[0,1.581],[1.64,0]],"v":[[2.871,-2.281],[0.051,-4.921],[-2.79,-2.281],[0.051,0.359]]},"ix":2}},{"ty":"sh","bm":0,"hd":false,"mn":"ADBE Vector Shape - Group","nm":"Path 2","ix":2,"d":1,"ks":{"a":0,"k":{"c":true,"i":[[0,0],[0,0],[3.88,0],[1.261,0.981],[0,0],[-1.38,0],[0,1.941],[0,0],[1.399,0],[0,3.142],[-2.981,0],[-0.82,-1.04],[0,0]],"o":[[0,0],[0,4.001],[-2.041,0],[0,0],[0.92,0.74],[2.201,0],[0,0],[-0.82,0.901],[-2.981,0],[0,-3.141],[1.5,0],[0,0],[0,0]],"v":[[5.952,-7.322],[5.952,1.639],[-0.09,7.482],[-5.372,6.001],[-4.131,3.76],[-0.331,4.98],[2.831,2.04],[2.831,1.579],[-0.57,2.919],[-5.952,-2.281],[-0.57,-7.482],[2.991,-5.941],[2.991,-7.322]]},"ix":2}},{"ty":"mm","bm":0,"hd":false,"mn":"ADBE Vector Filter - Merge","nm":"Merge Paths 1","mm":1},{"ty":"fl","bm":0,"hd":false,"mn":"ADBE Vector Graphic - Fill","nm":"Fill 1","c":{"a":0,"k":[0.0471,0.2314,0.3647],"ix":4},"r":1,"o":{"a":0,"k":100,"ix":5}},{"ty":"tr","a":{"a":0,"k":[0,0],"ix":1},"s":{"a":0,"k":[100,100],"ix":3},"sk":{"a":0,"k":0,"ix":4},"p":{"a":0,"k":[50.961,12.553],"ix":2},"r":{"a":0,"k":0,"ix":6},"sa":{"a":0,"k":0,"ix":5},"o":{"a":0,"k":100,"ix":7}}]},{"ty":"gr","bm":0,"hd":false,"mn":"ADBE Vector Group","nm":"Group 3","ix":3,"cix":2,"np":4,"it":[{"ty":"sh","bm":0,"hd":false,"mn":"ADBE Vector Shape - Group","nm":"Path 1","ix":1,"d":1,"ks":{"a":0,"k":{"c":true,"i":[[0,0],[0,0],[0,0],[0,0]],"o":[[0,0],[0,0],[0,0],[0,0]],"v":[[-1.56,-2.891],[1.562,-2.891],[1.562,7.872],[-1.56,7.872]]},"ix":2}},{"ty":"sh","bm":0,"hd":false,"mn":"ADBE Vector Shape - Group","nm":"Path 2","ix":2,"d":1,"ks":{"a":0,"k":{"c":true,"i":[[0,0.981],[-1.16,0],[0,-0.96],[1.16,0]],"o":[[0,-0.98],[1.16,0],[0,1.041],[-1.16,0]],"v":[[-1.941,-6.132],[0.001,-7.872],[1.941,-6.192],[0.001,-4.391]]},"ix":2}},{"ty":"mm","bm":0,"hd":false,"mn":"ADBE Vector Filter - Merge","nm":"Merge Paths 1","mm":1},{"ty":"fl","bm":0,"hd":false,"mn":"ADBE Vector Graphic - Fill","nm":"Fill 1","c":{"a":0,"k":[0.0471,0.2314,0.3647],"ix":4},"r":1,"o":{"a":0,"k":100,"ix":5}},{"ty":"tr","a":{"a":0,"k":[0,0],"ix":1},"s":{"a":0,"k":[100,100],"ix":3},"sk":{"a":0,"k":0,"ix":4},"p":{"a":0,"k":[41.35,8.122],"ix":2},"r":{"a":0,"k":0,"ix":6},"sa":{"a":0,"k":0,"ix":5},"o":{"a":0,"k":100,"ix":7}}]},{"ty":"gr","bm":0,"hd":false,"mn":"ADBE Vector Group","nm":"Group 4","ix":4,"cix":2,"np":2,"it":[{"ty":"sh","bm":0,"hd":false,"mn":"ADBE Vector Shape - Group","nm":"Path 1","ix":1,"d":1,"ks":{"a":0,"k":{"c":true,"i":[[1,0.66],[0,0],[-1.32,0],[0,0.601],[0,4.3],[-3.14,0],[-1.02,-0.6],[0,0],[0.981,0],[0,-0.56],[0,-4.241],[3.221,0]],"o":[[0,0],[0.959,0.62],[1.441,0],[0,-1.76],[0,-2.041],[1.481,0],[0,0],[-1.06,-0.599],[-1.4,0],[0,1.84],[0,2],[-1.82,0]],"v":[[-4.871,4.381],[-3.83,2.141],[-0.09,3.181],[1.891,2.2],[-4.611,-2.06],[0.37,-5.541],[4.511,-4.601],[3.471,-2.381],[0.37,-3.181],[-1.63,-2.181],[4.871,2.12],[-0.21,5.541]]},"ix":2}},{"ty":"fl","bm":0,"hd":false,"mn":"ADBE Vector Graphic - Fill","nm":"Fill 1","c":{"a":0,"k":[0.0471,0.2314,0.3647],"ix":4},"r":1,"o":{"a":0,"k":100,"ix":5}},{"ty":"tr","a":{"a":0,"k":[0,0],"ix":1},"s":{"a":0,"k":[100,100],"ix":3},"sk":{"a":0,"k":0,"ix":4},"p":{"a":0,"k":[33.001,10.612],"ix":2},"r":{"a":0,"k":0,"ix":6},"sa":{"a":0,"k":0,"ix":5},"o":{"a":0,"k":100,"ix":7}}]},{"ty":"gr","bm":0,"hd":false,"mn":"ADBE Vector Group","nm":"Group 5","ix":5,"cix":2,"np":4,"it":[{"ty":"sh","bm":0,"hd":false,"mn":"ADBE Vector Shape - Group","nm":"Path 1","ix":1,"d":1,"ks":{"a":0,"k":{"c":true,"i":[[0.22,-1.38],[0,0],[1.4,0]],"o":[[0,0],[-0.22,-1.36],[-1.421,0]],"v":[[-2.571,-0.94],[2.73,-0.94],[0.09,-3.18]]},"ix":2}},{"ty":"sh","bm":0,"hd":false,"mn":"ADBE Vector Shape - Group","nm":"Path 2","ix":2,"d":1,"ks":{"a":0,"k":{"c":true,"i":[[0.02,-0.259],[0,0],[-1.641,0],[-0.74,0.701],[0,0],[1.94,0],[0,3.201],[-3.281,0],[0,-3.46]],"o":[[0,0],[0.3,1.34],[1.14,0],[0,0],[-1,1.14],[-3.721,0],[0,-3.22],[3.16,0],[0,0.24]],"v":[[5.612,0.88],[-2.531,0.88],[0.55,3.04],[3.251,2],[4.911,3.801],[0.471,5.541],[-5.672,0],[0.071,-5.541],[5.672,0.04]]},"ix":2}},{"ty":"mm","bm":0,"hd":false,"mn":"ADBE Vector Filter - Merge","nm":"Merge Paths 1","mm":1},{"ty":"fl","bm":0,"hd":false,"mn":"ADBE Vector Graphic - Fill","nm":"Fill 1","c":{"a":0,"k":[0.0471,0.2314,0.3647],"ix":4},"r":1,"o":{"a":0,"k":100,"ix":5}},{"ty":"tr","a":{"a":0,"k":[0,0],"ix":1},"s":{"a":0,"k":[100,100],"ix":3},"sk":{"a":0,"k":0,"ix":4},"p":{"a":0,"k":[21.421,10.612],"ix":2},"r":{"a":0,"k":0,"ix":6},"sa":{"a":0,"k":0,"ix":5},"o":{"a":0,"k":100,"ix":7}}]},{"ty":"gr","bm":0,"hd":false,"mn":"ADBE Vector Group","nm":"Group 6","ix":6,"cix":2,"np":4,"it":[{"ty":"sh","bm":0,"hd":false,"mn":"ADBE Vector Shape - Group","nm":"Path 1","ix":1,"d":1,"ks":{"a":0,"k":{"c":true,"i":[[0,0],[0,2.681],[2.78,0],[0,0],[0,0]],"o":[[2.78,0],[0,-2.679],[0,0],[0,0],[0,0]],"v":[[-0.84,4.342],[3.762,-0.001],[-0.84,-4.342],[-3.801,-4.342],[-3.801,4.342]]},"ix":2}},{"ty":"sh","bm":0,"hd":false,"mn":"ADBE Vector Shape - Group","nm":"Path 2","ix":2,"d":1,"ks":{"a":0,"k":{"c":true,"i":[[0,0],[0,0],[0,-4.24],[4.581,0],[0,0]],"o":[[0,0],[4.581,0],[0,4.241],[0,0],[0,0]],"v":[[-7.042,-7.001],[-0.68,-7.001],[7.042,-0.001],[-0.68,7.001],[-7.042,7.001]]},"ix":2}},{"ty":"mm","bm":0,"hd":false,"mn":"ADBE Vector Filter - Merge","nm":"Merge Paths 1","mm":1},{"ty":"fl","bm":0,"hd":false,"mn":"ADBE Vector Graphic - Fill","nm":"Fill 1","c":{"a":0,"k":[0.0471,0.2314,0.3647],"ix":4},"r":1,"o":{"a":0,"k":100,"ix":5}},{"ty":"tr","a":{"a":0,"k":[0,0],"ix":1},"s":{"a":0,"k":[100,100],"ix":3},"sk":{"a":0,"k":0,"ix":4},"p":{"a":0,"k":[7.291,8.992],"ix":2},"r":{"a":0,"k":0,"ix":6},"sa":{"a":0,"k":0,"ix":5},"o":{"a":0,"k":100,"ix":7}}]}],"ind":16},{"ty":4,"nm":"I - Develop Outlines","sr":1,"st":0,"op":360,"ip":0,"hd":false,"ddd":0,"bm":0,"hasMask":false,"ao":0,"ks":{"a":{"a":0,"k":[29.25,29.25,0],"ix":1},"s":{"a":0,"k":[100,100,100],"ix":6},"sk":{"a":0,"k":0},"p":{"a":0,"k":[591.7040000000001,42.68],"ix":2},"r":{"a":0,"k":0,"ix":10},"sa":{"a":0,"k":0},"o":{"a":1,"k":[{"o":{"x":0.167,"y":0.167},"i":{"x":0.833,"y":0.833},"s":[0],"t":118},{"s":[100],"t":125}],"ix":11}},"shapes":[{"ty":"gr","bm":0,"hd":false,"mn":"ADBE Vector Group","nm":"Group 1","ix":1,"cix":2,"np":4,"it":[{"ty":"sh","bm":0,"hd":false,"mn":"ADBE Vector Shape - Group","nm":"Path 1","ix":1,"d":1,"ks":{"a":0,"k":{"c":true,"i":[[0,0],[0,0],[0,0],[0,0],[0,0],[0,0]],"o":[[0,0],[0,0],[0,0],[0,0],[0,0],[0,0]],"v":[[6.913,10.588],[5.032,8.707],[13.738,0.001],[5.119,-8.618],[7,-10.501],[17.5,-0.001]]},"ix":2}},{"ty":"sh","bm":0,"hd":false,"mn":"ADBE Vector Shape - Group","nm":"Path 2","ix":2,"d":1,"ks":{"a":0,"k":{"c":true,"i":[[0,0],[0,0],[0,0],[0,0],[0,0],[0,0]],"o":[[0,0],[0,0],[0,0],[0,0],[0,0],[0,0]],"v":[[-7,10.501],[-17.5,0.001],[-6.912,-10.588],[-5.031,-8.707],[-13.737,-0.001],[-5.118,8.619]]},"ix":2}},{"ty":"mm","bm":0,"hd":false,"mn":"ADBE Vector Filter - Merge","nm":"Merge Paths 1","mm":1},{"ty":"fl","bm":0,"hd":false,"mn":"ADBE Vector Graphic - Fill","nm":"Fill 1","c":{"a":0,"k":[0.9412,0.9412,0.9176],"ix":4},"r":1,"o":{"a":0,"k":100,"ix":5}},{"ty":"tr","a":{"a":0,"k":[0,0],"ix":1},"s":{"a":0,"k":[100,100],"ix":3},"sk":{"a":0,"k":0,"ix":4},"p":{"a":0,"k":[29.25,29.838],"ix":2},"r":{"a":0,"k":0,"ix":6},"sa":{"a":0,"k":0,"ix":5},"o":{"a":0,"k":100,"ix":7}}]},{"ty":"gr","bm":0,"hd":false,"mn":"ADBE Vector Group","nm":"Group 2","ix":2,"cix":2,"np":2,"it":[{"ty":"sh","bm":0,"hd":false,"mn":"ADBE Vector Shape - Group","nm":"Path 1","ix":1,"d":1,"ks":{"a":0,"k":{"c":true,"i":[[-5.523,0],[0,0],[0,-5.523],[0,0],[5.523,0],[0,0],[0,5.523],[0,0]],"o":[[0,0],[5.523,0],[0,0],[0,5.523],[0,0],[-5.523,0],[0,0],[0,-5.523]],"v":[[-19,-29],[19,-29],[29,-19],[29,19],[19,29],[-19,29],[-29,19],[-29,-19]]},"ix":2}},{"ty":"fl","bm":0,"hd":false,"mn":"ADBE Vector Graphic - Fill","nm":"Fill 1","c":{"a":0,"k":[0.9412,0.7098,0.5176],"ix":4},"r":1,"o":{"a":0,"k":100,"ix":5}},{"ty":"tr","a":{"a":0,"k":[0,0],"ix":1},"s":{"a":0,"k":[100,100],"ix":3},"sk":{"a":0,"k":0,"ix":4},"p":{"a":0,"k":[29.25,29.25],"ix":2},"r":{"a":0,"k":0,"ix":6},"sa":{"a":0,"k":0,"ix":5},"o":{"a":0,"k":100,"ix":7}}]}],"ind":17},{"ty":4,"nm":"Develop Outlines","sr":1,"st":0,"op":360,"ip":0,"hd":false,"ddd":0,"bm":0,"hasMask":false,"ao":0,"ks":{"a":{"a":0,"k":[42.171,9.612,0],"ix":1},"s":{"a":0,"k":[100,100,100],"ix":6},"sk":{"a":0,"k":0},"p":{"s":true,"x":{"a":0,"k":597.655,"ix":3},"y":{"a":1,"k":[{"o":{"x":0.333,"y":0},"i":{"x":0,"y":1},"s":[44.99],"t":119},{"o":{"x":0.167,"y":0.167},"i":{"x":0.833,"y":0.833},"s":[95.99],"t":154},{"s":[94.19999999999999],"t":308}],"ix":4}},"r":{"a":0,"k":0,"ix":10},"sa":{"a":0,"k":0},"o":{"a":1,"k":[{"o":{"x":0.167,"y":0.167},"i":{"x":0.833,"y":0.833},"s":[0],"t":119},{"s":[100],"t":141}],"ix":11}},"shapes":[{"ty":"gr","bm":0,"hd":false,"mn":"ADBE Vector Group","nm":"Group 1","ix":1,"cix":2,"np":4,"it":[{"ty":"sh","bm":0,"hd":false,"mn":"ADBE Vector Shape - Group","nm":"Path 1","ix":1,"d":1,"ks":{"a":0,"k":{"c":true,"i":[[0,1.86],[1.56,0],[0,-1.86],[-1.561,0]],"o":[[0,-1.86],[-1.561,0],[0,1.86],[1.56,0]],"v":[[2.701,-1.861],[-0.039,-4.84],[-2.78,-1.861],[-0.039,1.12]]},"ix":2}},{"ty":"sh","bm":0,"hd":false,"mn":"ADBE Vector Shape - Group","nm":"Path 2","ix":2,"d":1,"ks":{"a":0,"k":{"c":true,"i":[[0,-3.381],[3.02,0],[0.8,0.881],[0,0],[0,0],[0,0],[0,0],[0,0],[-1.441,0]],"o":[[0,3.381],[-1.341,0],[0,0],[0,0],[0,0],[0,0],[0,0],[0.78,-0.939],[3.02,0]],"v":[[5.862,-1.861],[0.5,3.68],[-2.741,2.38],[-2.741,7.402],[-5.862,7.402],[-5.862,-7.243],[-2.88,-7.243],[-2.88,-6.003],[0.5,-7.402]]},"ix":2}},{"ty":"mm","bm":0,"hd":false,"mn":"ADBE Vector Filter - Merge","nm":"Merge Paths 1","mm":1},{"ty":"fl","bm":0,"hd":false,"mn":"ADBE Vector Graphic - Fill","nm":"Fill 1","c":{"a":0,"k":[0.0471,0.2314,0.3647],"ix":4},"r":1,"o":{"a":0,"k":100,"ix":5}},{"ty":"tr","a":{"a":0,"k":[0,0],"ix":1},"s":{"a":0,"k":[100,100],"ix":3},"sk":{"a":0,"k":0,"ix":4},"p":{"a":0,"k":[78.231,11.572],"ix":2},"r":{"a":0,"k":0,"ix":6},"sa":{"a":0,"k":0,"ix":5},"o":{"a":0,"k":100,"ix":7}}]},{"ty":"gr","bm":0,"hd":false,"mn":"ADBE Vector Group","nm":"Group 2","ix":2,"cix":2,"np":4,"it":[{"ty":"sh","bm":0,"hd":false,"mn":"ADBE Vector Shape - Group","nm":"Path 1","ix":1,"d":1,"ks":{"a":0,"k":{"c":true,"i":[[0,1.86],[1.56,0],[0,-1.86],[-1.561,0]],"o":[[0,-1.86],[-1.561,0],[0,1.86],[1.56,0]],"v":[[2.75,0],[0.01,-2.98],[-2.751,0],[0.01,2.98]]},"ix":2}},{"ty":"sh","bm":0,"hd":false,"mn":"ADBE Vector Shape - Group","nm":"Path 2","ix":2,"d":1,"ks":{"a":0,"k":{"c":true,"i":[[0,3.24],[-3.421,0],[0,-3.241],[3.42,0]],"o":[[0,-3.241],[3.42,0],[0,3.24],[-3.421,0]],"v":[[-5.911,0],[0.01,-5.541],[5.911,0],[0.01,5.541]]},"ix":2}},{"ty":"mm","bm":0,"hd":false,"mn":"ADBE Vector Filter - Merge","nm":"Merge Paths 1","mm":1},{"ty":"fl","bm":0,"hd":false,"mn":"ADBE Vector Graphic - Fill","nm":"Fill 1","c":{"a":0,"k":[0.0471,0.2314,0.3647],"ix":4},"r":1,"o":{"a":0,"k":100,"ix":5}},{"ty":"tr","a":{"a":0,"k":[0,0],"ix":1},"s":{"a":0,"k":[100,100],"ix":3},"sk":{"a":0,"k":0,"ix":4},"p":{"a":0,"k":[64.381,9.711],"ix":2},"r":{"a":0,"k":0,"ix":6},"sa":{"a":0,"k":0,"ix":5},"o":{"a":0,"k":100,"ix":7}}]},{"ty":"gr","bm":0,"hd":false,"mn":"ADBE Vector Group","nm":"Group 3","ix":3,"cix":2,"np":2,"it":[{"ty":"sh","bm":0,"hd":false,"mn":"ADBE Vector Shape - Group","nm":"Path 1","ix":1,"d":1,"ks":{"a":0,"k":{"c":true,"i":[[0,0],[0,0],[0,0],[0,0]],"o":[[0,0],[0,0],[0,0],[0,0]],"v":[[-1.561,-7.422],[1.561,-7.422],[1.561,7.422],[-1.561,7.422]]},"ix":2}},{"ty":"fl","bm":0,"hd":false,"mn":"ADBE Vector Graphic - Fill","nm":"Fill 1","c":{"a":0,"k":[0.0471,0.2314,0.3647],"ix":4},"r":1,"o":{"a":0,"k":100,"ix":5}},{"ty":"tr","a":{"a":0,"k":[0,0],"ix":1},"s":{"a":0,"k":[100,100],"ix":3},"sk":{"a":0,"k":0,"ix":4},"p":{"a":0,"k":[54.811,7.672],"ix":2},"r":{"a":0,"k":0,"ix":6},"sa":{"a":0,"k":0,"ix":5},"o":{"a":0,"k":100,"ix":7}}]},{"ty":"gr","bm":0,"hd":false,"mn":"ADBE Vector Group","nm":"Group 4","ix":4,"cix":2,"np":4,"it":[{"ty":"sh","bm":0,"hd":false,"mn":"ADBE Vector Shape - Group","nm":"Path 1","ix":1,"d":1,"ks":{"a":0,"k":{"c":true,"i":[[0.22,-1.38],[0,0],[1.4,0]],"o":[[0,0],[-0.22,-1.36],[-1.421,0]],"v":[[-2.57,-0.94],[2.73,-0.94],[0.091,-3.18]]},"ix":2}},{"ty":"sh","bm":0,"hd":false,"mn":"ADBE Vector Shape - Group","nm":"Path 2","ix":2,"d":1,"ks":{"a":0,"k":{"c":true,"i":[[0.02,-0.259],[0,0],[-1.641,0],[-0.74,0.701],[0,0],[1.94,0],[0,3.201],[-3.281,0],[0,-3.46]],"o":[[0,0],[0.3,1.34],[1.14,0],[0,0],[-1,1.14],[-3.721,0],[0,-3.22],[3.16,0],[0,0.24]],"v":[[5.612,0.88],[-2.53,0.88],[0.551,3.04],[3.251,2],[4.91,3.801],[0.47,5.541],[-5.672,0],[0.07,-5.541],[5.672,0.04]]},"ix":2}},{"ty":"mm","bm":0,"hd":false,"mn":"ADBE Vector Filter - Merge","nm":"Merge Paths 1","mm":1},{"ty":"fl","bm":0,"hd":false,"mn":"ADBE Vector Graphic - Fill","nm":"Fill 1","c":{"a":0,"k":[0.0471,0.2314,0.3647],"ix":4},"r":1,"o":{"a":0,"k":100,"ix":5}},{"ty":"tr","a":{"a":0,"k":[0,0],"ix":1},"s":{"a":0,"k":[100,100],"ix":3},"sk":{"a":0,"k":0,"ix":4},"p":{"a":0,"k":[45.501,9.711],"ix":2},"r":{"a":0,"k":0,"ix":6},"sa":{"a":0,"k":0,"ix":5},"o":{"a":0,"k":100,"ix":7}}]},{"ty":"gr","bm":0,"hd":false,"mn":"ADBE Vector Group","nm":"Group 5","ix":5,"cix":2,"np":2,"it":[{"ty":"sh","bm":0,"hd":false,"mn":"ADBE Vector Shape - Group","nm":"Path 1","ix":1,"d":1,"ks":{"a":0,"k":{"c":true,"i":[[0,0],[0,0],[0,0],[0,0],[0,0],[0,0],[0,0]],"o":[[0,0],[0,0],[0,0],[0,0],[0,0],[0,0],[0,0]],"v":[[6.141,-5.382],[1.601,5.382],[-1.62,5.382],[-6.141,-5.382],[-2.921,-5.382],[0.061,1.941],[3.141,-5.382]]},"ix":2}},{"ty":"fl","bm":0,"hd":false,"mn":"ADBE Vector Graphic - Fill","nm":"Fill 1","c":{"a":0,"k":[0.0471,0.2314,0.3647],"ix":4},"r":1,"o":{"a":0,"k":100,"ix":5}},{"ty":"tr","a":{"a":0,"k":[0,0],"ix":1},"s":{"a":0,"k":[100,100],"ix":3},"sk":{"a":0,"k":0,"ix":4},"p":{"a":0,"k":[33.511,9.711],"ix":2},"r":{"a":0,"k":0,"ix":6},"sa":{"a":0,"k":0,"ix":5},"o":{"a":0,"k":100,"ix":7}}]},{"ty":"gr","bm":0,"hd":false,"mn":"ADBE Vector Group","nm":"Group 6","ix":6,"cix":2,"np":4,"it":[{"ty":"sh","bm":0,"hd":false,"mn":"ADBE Vector Shape - Group","nm":"Path 1","ix":1,"d":1,"ks":{"a":0,"k":{"c":true,"i":[[0.22,-1.38],[0,0],[1.4,0]],"o":[[0,0],[-0.22,-1.36],[-1.421,0]],"v":[[-2.57,-0.94],[2.73,-0.94],[0.091,-3.18]]},"ix":2}},{"ty":"sh","bm":0,"hd":false,"mn":"ADBE Vector Shape - Group","nm":"Path 2","ix":2,"d":1,"ks":{"a":0,"k":{"c":true,"i":[[0.02,-0.259],[0,0],[-1.641,0],[-0.74,0.701],[0,0],[1.94,0],[0,3.201],[-3.281,0],[0,-3.46]],"o":[[0,0],[0.3,1.34],[1.14,0],[0,0],[-1,1.14],[-3.721,0],[0,-3.22],[3.16,0],[0,0.24]],"v":[[5.612,0.88],[-2.53,0.88],[0.551,3.04],[3.251,2],[4.91,3.801],[0.47,5.541],[-5.672,0],[0.07,-5.541],[5.672,0.04]]},"ix":2}},{"ty":"mm","bm":0,"hd":false,"mn":"ADBE Vector Filter - Merge","nm":"Merge Paths 1","mm":1},{"ty":"fl","bm":0,"hd":false,"mn":"ADBE Vector Graphic - Fill","nm":"Fill 1","c":{"a":0,"k":[0.0471,0.2314,0.3647],"ix":4},"r":1,"o":{"a":0,"k":100,"ix":5}},{"ty":"tr","a":{"a":0,"k":[0,0],"ix":1},"s":{"a":0,"k":[100,100],"ix":3},"sk":{"a":0,"k":0,"ix":4},"p":{"a":0,"k":[21.421,9.711],"ix":2},"r":{"a":0,"k":0,"ix":6},"sa":{"a":0,"k":0,"ix":5},"o":{"a":0,"k":100,"ix":7}}]},{"ty":"gr","bm":0,"hd":false,"mn":"ADBE Vector Group","nm":"Group 7","ix":7,"cix":2,"np":4,"it":[{"ty":"sh","bm":0,"hd":false,"mn":"ADBE Vector Shape - Group","nm":"Path 1","ix":1,"d":1,"ks":{"a":0,"k":{"c":true,"i":[[0,0],[0,2.681],[2.78,0],[0,0],[0,0]],"o":[[2.78,0],[0,-2.679],[0,0],[0,0],[0,0]],"v":[[-0.84,4.342],[3.762,-0.001],[-0.84,-4.342],[-3.801,-4.342],[-3.801,4.342]]},"ix":2}},{"ty":"sh","bm":0,"hd":false,"mn":"ADBE Vector Shape - Group","nm":"Path 2","ix":2,"d":1,"ks":{"a":0,"k":{"c":true,"i":[[0,0],[0,0],[0,-4.24],[4.581,0],[0,0]],"o":[[0,0],[4.581,0],[0,4.241],[0,0],[0,0]],"v":[[-7.042,-7.002],[-0.68,-7.002],[7.042,-0.001],[-0.68,7.002],[-7.042,7.002]]},"ix":2}},{"ty":"mm","bm":0,"hd":false,"mn":"ADBE Vector Filter - Merge","nm":"Merge Paths 1","mm":1},{"ty":"fl","bm":0,"hd":false,"mn":"ADBE Vector Graphic - Fill","nm":"Fill 1","c":{"a":0,"k":[0.0471,0.2314,0.3647],"ix":4},"r":1,"o":{"a":0,"k":100,"ix":5}},{"ty":"tr","a":{"a":0,"k":[0,0],"ix":1},"s":{"a":0,"k":[100,100],"ix":3},"sk":{"a":0,"k":0,"ix":4},"p":{"a":0,"k":[7.292,8.091],"ix":2},"r":{"a":0,"k":0,"ix":6},"sa":{"a":0,"k":0,"ix":5},"o":{"a":0,"k":100,"ix":7}}]}],"ind":18},{"ty":4,"nm":"Curvy Line Outlines","sr":1,"st":0,"op":190,"ip":0,"hd":false,"ddd":0,"bm":0,"hasMask":false,"ao":0,"ks":{"a":{"a":0,"k":[430.5,65.196,0],"ix":1},"s":{"a":0,"k":[146.33846174931787,100],"ix":6},"sk":{"a":0,"k":0},"p":{"a":0,"k":[694.6204921875,93.61900000000001],"ix":2},"r":{"a":0,"k":0,"ix":10},"sa":{"a":0,"k":0},"o":{"a":0,"k":100,"ix":11}},"shapes":[{"ty":"gr","bm":0,"hd":false,"mn":"ADBE Vector Group","nm":"Group 1","ix":1,"cix":2,"np":2,"it":[{"ty":"sh","bm":0,"hd":false,"mn":"ADBE Vector Shape - Group","nm":"Path 1","ix":1,"d":1,"ks":{"a":0,"k":{"c":false,"i":[[0,0],[0,0],[-75.383,-0.367],[-80.932,0],[-81.466,0],[-81.093,1.257],[-109.118,0]],"o":[[0,0],[79.683,0],[75.383,0.367],[80.932,0],[81.466,0],[81.093,-1.257],[0,0]],"v":[[-418.5,-51.939],[-361.057,-51.939],[-229.591,52.829],[-72.727,-51.939],[94.138,52.829],[253.132,-51.939],[418.5,47.801]]},"ix":2}},{"ty":"st","bm":0,"hd":false,"mn":"ADBE Vector Graphic - Stroke","nm":"Stroke 1","lc":2,"lj":1,"ml":4,"o":{"a":0,"k":100,"ix":4},"w":{"a":0,"k":12,"ix":5},"c":{"a":0,"k":[0.0471,0.2314,0.3647],"ix":3}},{"ty":"tr","a":{"a":0,"k":[0,0],"ix":1},"s":{"a":0,"k":[100,100],"ix":3},"sk":{"a":0,"k":0,"ix":4},"p":{"a":0,"k":[430.5,65.196],"ix":2},"r":{"a":0,"k":0,"ix":6},"sa":{"a":0,"k":0,"ix":5},"o":{"a":0,"k":100,"ix":7}}]},{"ty":"tm","bm":0,"hd":false,"mn":"ADBE Vector Filter - Trim","nm":"Trim Paths 1","ix":2,"e":{"a":1,"k":[{"o":{"x":0.167,"y":0.167},"i":{"x":0.833,"y":0.833},"s":[0],"t":2},{"o":{"x":0.167,"y":0.167},"i":{"x":0.833,"y":0.833},"s":[100],"t":297},{"s":[40],"t":308}],"ix":2},"o":{"a":0,"k":0,"ix":3},"s":{"a":0,"k":0,"ix":1},"m":1}],"ind":19}],"v":"5.7.0","fr":60,"op":360,"ip":0,"assets":[]}